Question Number,Question Text,Variable_Name,Response_Scale,Response_Options,Card_Number
"Q1","Digame, por favor, qué grado de importancia tiene en su vida cada uno de los siguientes aspectos:","v1","1 (muy importante) - 4 (nada importante)","1 (muy importante), 2 (bastante importante), 3 (no muy importante), 4 (nada importante), 8 (Don't Know, DK), 9 (Not Answer, NA)"
"Q1","Digame, por favor, qué grado de importancia tiene en su vida cada uno de los siguientes aspectos:","v2","1 (muy importante) - 4 (nada importante)","1 (muy importante), 2 (bastante importante), 3 (no muy importante), 4 (nada importante), 8 (Don't Know, DK), 9 (Not Answer, NA)"
"Q1","Digame, por favor, qué grado de importancia tiene en su vida cada uno de los siguientes aspectos:","v3","1 (muy importante) - 4 (nada importante)","1 (muy importante), 2 (bastante importante), 3 (no muy importante), 4 (nada importante), 8 (Don't Know, DK), 9 (Not Answer, NA)"
"Q1","Digame, por favor, qué grado de importancia tiene en su vida cada uno de los siguientes aspectos:","v4","1 (muy importante) - 4 (nada importante)","1 (muy importante), 2 (bastante importante), 3 (no muy importante), 4 (nada importante), 8 (Don't Know, DK), 9 (Not Answer, NA)"
"Q1","Digame, por favor, qué grado de importancia tiene en su vida cada uno de los siguientes aspectos:","v5","1 (muy importante) - 4 (nada importante)","1 (muy importante), 2 (bastante importante), 3 (no muy importante), 4 (nada importante), 8 (Don't Know, DK), 9 (Not Answer, NA)"
"Q1","Digame, por favor, qué grado de importancia tiene en su vida cada uno de los siguientes aspectos:","v6","1 (muy importante) - 4 (nada importante)","1 (muy importante), 2 (bastante importante), 3 (no muy importante), 4 (nada importante), 8 (Don't Know, DK), 9 (Not Answer, NA)"
"Q2","Teniendo todas las cosas en cuenta, ¿diría Vd. que es?:","v7","1 (muy feliz) - 9 (Not Answer, NA)","1 (muy feliz), 2 (bastante feliz), 3 (no muy feliz), 4 (nada feliz), 8 (Don't Know, DK), 9 (Not Answer, NA)"
"Q3","En líneas generales, ¿Cómo describiría Ud. su estado de salud en estos días? Diría que es:","v8","1 (muy buena) - 9 (Not Answer, NA)","1 (muy buena), 2 (buena), 3 (regular), 4 (mala), 5 (muy mala), 8 (Don't Know, DK), 9 (Not Answer, NA)"
"Q4","Por favor lea atentamente la siguiente lista de organizaciones de voluntariado y diga a cuál de ellas pertenece, en caso de que pertenezca a alguna:","v9","1 (mencionado) - 9 (Not Answer, NA)","1 (mencionado), 2 (no mencionado), 8 (Don't Know, DK), 9 (Not Answer, NA)"
"Q4","Por favor lea atentamente la siguiente lista de organizaciones de voluntariado y diga a cuál de ellas pertenece, en caso de que pertenezca a alguna:","v10","1 (mencionado) - 9 (Not Answer, NA)","1 (mencionado), 2 (no mencionado), 8 (Don't Know, DK), 9 (Not Answer, NA)"
"Q4","Por favor lea atentamente la siguiente lista de organizaciones de voluntariado y diga a cuál de ellas pertenece, en caso de que pertenezca a alguna:","v11","1 (mencionado) - 9 (Not Answer, NA)","1 (mencionado), 2 (no mencionado), 8 (Don't Know, DK), 9 (Not Answer, NA)"
"Q4","Por favor lea atentamente la siguiente lista de organizaciones de voluntariado y diga a cuál de ellas pertenece, en caso de que pertenezca a alguna:","v12","1 (mencionado) - 9 (Not Answer, NA)","1 (mencionado), 2 (no mencionado), 8 (Don't Know, DK), 9 (Not Answer, NA)"
"Q4","Por favor lea atentamente la siguiente lista de organizaciones de voluntariado y diga a cuál de ellas pertenece, en caso de que pertenezca a alguna:","v13","1 (mencionado) - 9 (Not Answer, NA)","1 (mencionado), 2 (no mencionado), 8 (Don't Know, DK), 9 (Not Answer, NA)"
"Q4","Por favor lea atentamente la siguiente lista de organizaciones de voluntariado y diga a cuál de ellas pertenece, en caso de que pertenezca a alguna:","v14","1 (mencionado) - 9 (Not Answer, NA)","1 (mencionado), 2 (no mencionado), 8 (Don't Know, DK), 9 (Not Answer, NA)"
"Q4","Por favor lea atentamente la siguiente lista de organizaciones de voluntariado y diga a cuál de ellas pertenece, en caso de que pertenezca a alguna:","v15","1 (mencionado) - 9 (Not Answer, NA)","1 (mencionado), 2 (no mencionado), 8 (Don't Know, DK), 9 (Not Answer, NA)"
"Q4","Por favor lea atentamente la siguiente lista de organizaciones de voluntariado y diga a cuál de ellas pertenece, en caso de que pertenezca a alguna:","v16","1 (mencionado) - 9 (Not Answer, NA)","1 (mencionado), 2 (no mencionado), 8 (Don't Know, DK), 9 (Not Answer, NA)"
"Q4","Por favor lea atentamente la siguiente lista de organizaciones de voluntariado y diga a cuál de ellas pertenece, en caso de que pertenezca a alguna:","v17","1 (mencionado) - 9 (Not Answer, NA)","1 (mencionado), 2 (no mencionado), 8 (Don't Know, DK), 9 (Not Answer, NA)"
"Q4","Por favor lea atentamente la siguiente lista de organizaciones de voluntariado y diga a cuál de ellas pertenece, en caso de que pertenezca a alguna:","v18","1 (mencionado) - 9 (Not Answer, NA)","1 (mencionado), 2 (no mencionado), 8 (Don't Know, DK), 9 (Not Answer, NA)"
"Q4","Por favor lea atentamente la siguiente lista de organizaciones de voluntariado y diga a cuál de ellas pertenece, en caso de que pertenezca a alguna:","v19","1 (mencionado) - 9 (Not Answer, NA)","1 (mencionado), 2 (no mencionado), 8 (Don't Know, DK), 9 (Not Answer, NA)"
"Q4","Por favor lea atentamente la siguiente lista de organizaciones de voluntariado y diga a cuál de ellas pertenece, en caso de que pertenezca a alguna:","v20","1 (mencionado) - 9 (Not Answer, NA)","1 (mencionado), 2 (no mencionado), 8 (Don't Know, DK), 9 (Not Answer, NA)"
"Q5","¿Ha participado Ud. en labores de voluntariado en los últimos 6 meses?","v21","1 (si) - 9 (Not Answer, NA)","1 (si), 2 (no), 8 (Don't Know, DK), 9 (Not Answer, NA)"
"Q6","En la siguiente lista aparecen varios grupos de personas, ¿Podría identificar a alguno al que no le gustaría tener como vecino?","v22","1 (mencionado) - 9 (Not Answer, NA)","1 (mencionado), 2 (no mencionado), 8 (Don't Know, DK), 9 (Not Answer, NA)"
"Q6","En la siguiente lista aparecen varios grupos de personas, ¿Podría identificar a alguno al que no le gustaría tener como vecino?","v23","1 (mencionado) - 9 (Not Answer, NA)","1 (mencionado), 2 (no mencionado), 8 (Don't Know, DK), 9 (Not Answer, NA)"
"Q6","En la siguiente lista aparecen varios grupos de personas, ¿Podría identificar a alguno al que no le gustaría tener como vecino?","v24","1 (mencionado) - 9 (Not Answer, NA)","1 (mencionado), 2 (no mencionado), 8 (Don't Know, DK), 9 (Not Answer, NA)"
"Q6","En la siguiente lista aparecen varios grupos de personas, ¿Podría identificar a alguno al que no le gustaría tener como vecino?","v25","1 (mencionado) - 9 (Not Answer, NA)","1 (mencionado), 2 (no mencionado), 8 (Don't Know, DK), 9 (Not Answer, NA)"
"Q6","En la siguiente lista aparecen varios grupos de personas, ¿Podría identificar a alguno al que no le gustaría tener como vecino?","v26","1 (mencionado) - 9 (Not Answer, NA)","1 (mencionado), 2 (no mencionado), 8 (Don't Know, DK), 9 (Not Answer, NA)"
"Q6","En la siguiente lista aparecen varios grupos de personas, ¿Podría identificar a alguno al que no le gustaría tener como vecino?","v27","1 (mencionado) - 9 (Not Answer, NA)","1 (mencionado), 2 (no mencionado), 8 (Don't Know, DK), 9 (Not Answer, NA)"
"Q6","En la siguiente lista aparecen varios grupos de personas, ¿Podría identificar a alguno al que no le gustaría tener como vecino?","v28","1 (mencionado) - 9 (Not Answer, NA)","1 (mencionado), 2 (no mencionado), 8 (Don't Know, DK), 9 (Not Answer, NA)"
"Q6","En la siguiente lista aparecen varios grupos de personas, ¿Podría identificar a alguno al que no le gustaría tener como vecino?","v29","1 (mencionado) - 9 (Not Answer, NA)","1 (mencionado), 2 (no mencionado), 8 (Don't Know, DK), 9 (Not Answer, NA)"
"Q6","En la siguiente lista aparecen varios grupos de personas, ¿Podría identificar a alguno al que no le gustaría tener como vecino?","v30","1 (mencionado) - 9 (Not Answer, NA)","1 (mencionado), 2 (no mencionado), 8 (Don't Know, DK), 9 (Not Answer, NA)"
"Q7","¿Diría usted que, en general, se puede confiar en la mayoría de la gente o bien que nunca es lo bastante prudente cuando trata con desconocidos?","v31","1 (Se puede confiar en la mayoría de la gente) - 9 (Not Answer, NA)","1 (Se puede confiar en la mayoría de la gente), 2 (Nunca es lo bastante prudente), 8 (Don't Know, DK), 9 (Not Answer, NA)"
"Q8","Me gustaría que dijera confía en personas de diferentes grupos. ¿Podría decirme para cada grupo si Vd. confía en las personas de este grupo completamente, algo, no mucho o nada en absoluto?","v32","1 (Confío completamente) - 9 (Not Answer, NA)","1 (Confío completamente), 2 (Confío algo), 3 (No confío mucho), 4 (No confío nada), 8 (Don't Know, DK), 9 (Not Answer, NA)"
"Q8","Me gustaría que dijera confía en personas de diferentes grupos. ¿Podría decirme para cada grupo si Vd. confía en las personas de este grupo completamente, algo, no mucho o nada en absoluto?","v33","1 (Confío completamente) - 9 (Not Answer, NA)","1 (Confío completamente), 2 (Confío algo), 3 (No confío mucho), 4 (No confío nada), 8 (Don't Know, DK), 9 (Not Answer, NA)"
"Q8","Me gustaría que dijera confía en personas de diferentes grupos. ¿Podría decirme para cada grupo si Vd. confía en las personas de este grupo completamente, algo, no mucho o nada en absoluto?","v34","1 (Confío completamente) - 9 (Not Answer, NA)","1 (Confío completamente), 2 (Confío algo), 3 (No confío mucho), 4 (No confío nada), 8 (Don't Know, DK), 9 (Not Answer, NA)"
"Q8","Me gustaría que dijera confía en personas de diferentes grupos. ¿Podría decirme para cada grupo si Vd. confía en las personas de este grupo completamente, algo, no mucho o nada en absoluto?","v35","1 (Confío completamente) - 9 (Not Answer, NA)","1 (Confío completamente), 2 (Confío algo), 3 (No confío mucho), 4 (No confío nada), 8 (Don't Know, DK), 9 (Not Answer, NA)"
"Q8","Me gustaría que dijera confía en personas de diferentes grupos. ¿Podría decirme para cada grupo si Vd. confía en las personas de este grupo completamente, algo, no mucho o nada en absoluto?","v36","1 (Confío completamente) - 9 (Not Answer, NA)","1 (Confío completamente), 2 (Confío algo), 3 (No confío mucho), 4 (No confío nada), 8 (Don't Know, DK), 9 (Not Answer, NA)"
"Q8","Me gustaría que dijera confía en personas de diferentes grupos. ¿Podría decirme para cada grupo si Vd. confía en las personas de este grupo completamente, algo, no mucho o nada en absoluto?","v37","1 (Confío completamente) - 9 (Not Answer, NA)","1 (Confío completamente), 2 (Confío algo), 3 (No confío mucho), 4 (No confío nada), 8 (Don't Know, DK), 9 (Not Answer, NA)"
"Q9","Algunas personas piensan que tienen completa libertad de elección y control sobre la manera en que se desarrolla su vida, otras piensan que lo que hacen está determinado por factores que no controlan. ¿Qué posición tiene Vd.?","v38","1 (ninguna) - 10 (muchísima)","1 (ninguna), 2, 3, 4, 5, 6, 7, 8, 9, 10 (muchísima)"
"Q10","De una manera general, ¿hasta qué punto está Vd. satisfecho con su vida últimamente? Utilice, por favor, esta tarjeta para ayudarle a contestar.","v39","1 (insatisfecho) - 10 (satisfecho)","1 (insatisfecho), 2, 3, 4, 5, 6, 7, 8, 9, 10 (satisfecho), 88 (Don't Know, DK), 99 (Not Answer, NA)"
"Q11","Aquí hay algunos aspectos de un puesto de trabajo que la gente dice que son importantes en un trabajo. Véalos, por favor, y dígame cuáles piensa Vd. personalmente que son importantes en un trabajo.","v40","1 (mencionado) - 9 (Not Answer, NA)","1 (mencionado), 2 (no mencionado), 8 (Don't Know, DK), 9 (Not Answer, NA)"
"Q11","Aquí hay algunos aspectos de un puesto de trabajo que la gente dice que son importantes en un trabajo. Véalos, por favor, y dígame cuáles piensa Vd. personalmente que son importantes en un trabajo.","v41","1 (mencionado) - 9 (Not Answer, NA)","1 (mencionado), 2 (no mencionado), 8 (Don't Know, DK), 9 (Not Answer, NA)"
"Q11","Aquí hay algunos aspectos de un puesto de trabajo que la gente dice que son importantes en un trabajo. Véalos, por favor, y dígame cuáles piensa Vd. personalmente que son importantes en un trabajo.","v42","1 (mencionado) - 9 (Not Answer, NA)","1 (mencionado), 2 (no mencionado), 8 (Don't Know, DK), 9 (Not Answer, NA)"
"Q11","Aquí hay algunos aspectos de un puesto de trabajo que la gente dice que son importantes en un trabajo. Véalos, por favor, y dígame cuáles piensa Vd. personalmente que son importantes en un trabajo.","v43","1 (mencionado) - 9 (Not Answer, NA)","1 (mencionado), 2 (no mencionado), 8 (Don't Know, DK), 9 (Not Answer, NA)"
"Q11","Aquí hay algunos aspectos de un puesto de trabajo que la gente dice que son importantes en un trabajo. Véalos, por favor, y dígame cuáles piensa Vd. personalmente que son importantes en un trabajo.","v44","1 (mencionado) - 9 (Not Answer, NA)","1 (mencionado), 2 (no mencionado), 8 (Don't Know, DK), 9 (Not Answer, NA)"
"Q11","Aquí hay algunos aspectos de un puesto de trabajo que la gente dice que son importantes en un trabajo. Véalos, por favor, y dígame cuáles piensa Vd. personalmente que son importantes en un trabajo.","v45","1 (mencionado) - 9 (Not Answer, NA)","1 (mencionado), 2 (no mencionado), 8 (Don't Know, DK), 9 (Not Answer, NA)"
"Q11","Aquí hay algunos aspectos de un puesto de trabajo que la gente dice que son importantes en un trabajo. Véalos, por favor, y dígame cuáles piensa Vd. personalmente que son importantes en un trabajo.","v45a","1 (mencionado) - 9 (Not Answer, NA)","1 (mencionado), 2 (no mencionado), 8 (Don't Know, DK), 9 (Not Answer, NA)"
"Q12","¿En qué medida está Vd. de acuerdo o en desacuerdo con cada una de las siguientes frases?","v46","1 (muy de acuerdo) - 9 (Not Answer, NA)","1 (muy de acuerdo), 2 (de acuerdo), 3 (ni de acuerdo ni en desacuerdo), 4 (en desacuerdo), 5 (muy en desacuerdo), 8 (Don't Know, DK), 9 (Not Answer, NA)"
"Q12","¿En qué medida está Vd. de acuerdo o en desacuerdo con cada una de las siguientes frases?","v47","1 (muy de acuerdo) - 9 (Not Answer, NA)","1 (muy de acuerdo), 2 (de acuerdo), 3 (ni de acuerdo ni en desacuerdo), 4 (en desacuerdo), 5 (muy en desacuerdo), 8 (Don't Know, DK), 9 (Not Answer, NA)"
"Q12","¿En qué medida está Vd. de acuerdo o en desacuerdo con cada una de las siguientes frases?","v48","1 (muy de acuerdo) - 9 (Not Answer, NA)","1 (muy de acuerdo), 2 (de acuerdo), 3 (ni de acuerdo ni en desacuerdo), 4 (en desacuerdo), 5 (muy en desacuerdo), 8 (Don't Know, DK), 9 (Not Answer, NA)"
"Q12","¿En qué medida está Vd. de acuerdo o en desacuerdo con cada una de las siguientes frases?","v49","1 (muy de acuerdo) - 9 (Not Answer, NA)","1 (muy de acuerdo), 2 (de acuerdo), 3 (ni de acuerdo ni en desacuerdo), 4 (en desacuerdo), 5 (muy en desacuerdo), 8 (Don't Know, DK), 9 (Not Answer, NA)"
"Q12","¿En qué medida está Vd. de acuerdo o en desacuerdo con cada una de las siguientes frases?","v50","1 (muy de acuerdo) - 9 (Not Answer, NA)","1 (muy de acuerdo), 2 (de acuerdo), 3 (ni de acuerdo ni en desacuerdo), 4 (en desacuerdo), 5 (muy en desacuerdo), 8 (Don't Know, DK), 9 (Not Answer, NA)"
"Q13","¿Pertenecé Ud. a alguna religión?","v51","1 (si) - 9 (Not Answer, NA)","1 (si), 2 (no), 8 (Don't Know, DK), 9 (Not Answer, NA)"
"Q13a","Si sí, ¿a cuál?","v52","1 (cristiana) - 99 (otra)","1 (cristiana), 2 (católica romana), 3 (ortodoxa griega o rusa), 4 (protestante), 5 (anglicana), 6 (bautista), 7 (metodista), 8 (presbiteriana), 9 (congregacional), 10 (libre presbiteriana), 11 (hindú), 12 (budista), 13 (judía), 14 (musulmana), 30 (Otra), 88 (Don't Know, DK), 99 (Not Answer, NA)"
"Q14","INSTRUCCIONES PARA EL ENTREVISTADOR: - SI EL ENCUESTADO NO ES MIEMBRO DE NINGÚN GRUPO RELIGIOSO (Q13=1) EN LA ACTUALIDAD, PREGUNTE: ¿Ha pertenecido alguna vez a una religión?","v53","1 (si) - 9 (Not Answer, NA)","1 (si), 2 (no), 8 (Don't Know, DK), 9 (Not Answer, NA)"
"Q15","Dejando aparte bodas, funerales, bautismos, etc. ¿Con qué frecuencia va Ud. a la Iglesia últimamente?","v54","1 (más de una vez a la semana) - 9 (Not Answer, NA)","1 (más de una vez a la semana), 2 (una vez a la semana), 3 (una vez al mes), 4 (únicamente en festividades específicas), 5 (una vez al año), 6 (con menos frecuencia), 7 (nunca, prácticamente nunca), 8 (Don't Know, DK), 9 (Not Answer, NA)"
"Q16","Dejando aparte bodas, funerales, bautismos, etc. ¿Con qué frecuencia iba Ud. a la Iglesia cuando tenía 12 años de edad?","v55","1 (más de una vez a la semana) - 9 (Not Answer, NA)","1 (más de una vez a la semana), 2 (una vez a la semana), 3 (una vez al mes), 4 (únicamente en festividades específicas), 5 (una vez al año), 6 (con menos frecuencia), 7 (nunca, prácticamente nunca), 8 (Don't Know, DK), 9 (Not Answer, NA)"
"Q17","Independientemente del hecho de que vaya o no a la iglesia o a la iglesia, ¿diría Vd. que es?","v56","1 (Una persona religiosa) - 9 (Not Answer, NA)","1 (Una persona religiosa), 2 (Una persona no religiosa), 3 (Un ateo convencido), 8 (Don't Know, DK), 9 (Not Answer, NA)"
"Q18","¿En cuáles de las siguientes cosas cree Vd., si cree en alguna?","v57","1 (si) - 9 (Not Answer, NA)","1 (si), 2 (no), 8 (Don't Know, DK), 9 (Not Answer, NA)"
"Q18","¿En cuáles de las siguientes cosas cree Vd., si cree en alguna?","v58","1 (si) - 9 (Not Answer, NA)","1 (si), 2 (no), 8 (Don't Know, DK), 9 (Not Answer, NA)"
"Q18","¿En cuáles de las siguientes cosas cree Vd., si cree en alguna?","v59","1 (si) - 9 (Not Answer, NA)","1 (si), 2 (no), 8 (Don't Know, DK), 9 (Not Answer, NA)"
"Q18","¿En cuáles de las siguientes cosas cree Vd., si cree en alguna?","v60","1 (si) - 9 (Not Answer, NA)","1 (si), 2 (no), 8 (Don't Know, DK), 9 (Not Answer, NA)"
"Q19","¿Cree en la reencarnación, es decir, que hemos tenido vidas pasadas y que volveremos a nacer otra vez en este mundo?","v61","1 (si) - 9 (Not Answer, NA)","1 (si), 2 (no), 8 (Don't Know, DK), 9 (Not Answer, NA)"
"Q20","¿Cuál de las siguientes frases se ajusta más a sus creencias?","v62","1 (Hay un Dios personal) - 9 (Not Answer, NA)","1 (Hay un Dios personal), 2 (Hay alguna clase de espíritu o fuerza vital), 3 (No sé realmente qué pensar), 4 (Realmente no pienso que exista ningún tipo de espíritu, Dios o fuerza vital), 8 (Don't Know, DK), 9 (Not Answer, NA)"
"Q21","¿Y en qué medida es importante Dios en su vida? Utilice esta tarjeta, por favor, para indicar '10' significa muy importante y '1' nada importante.","v63","1 (Nada importante) - 10 (Muy importante)","1 (Nada importante), 2, 3, 4, 5, 6, 7, 8, 9, 10 (Muy importante), 88 (Don't Know, DK), 99 (Not Answer, NA)"
"Q22","Aparte de cuando asiste a los servicios religiosos, ¿con qué frecuencia reza? ¿Diría usted que...","v64","1 (A diario) - 9 (Not Answer, NA)","1 (A diario), 2 (más de una vez a la semana), 3 (una vez a la semana), 4 (al menos una vez al mes), 5 (varias veces al año), 6 (con menos frecuencia), 7 (nunca), 8 (Don't Know, DK), 9 (Not Answer, NA)"
"Q23","En la siguiente lista se incluye una serie de cuestiones que algunas personas piensan que ayudan a que un matrimonio o una pareja sea duradera. Dígame, por favor, para cada una de ellas, si cree que es muy importante, bastante importante o no muy importante.","v65","1 (Muy importante) - 9 (Not Answer, NA)","1 (Muy importante), 2 (Bastante importante), 3 (No muy importante), 8 (Don't Know, DK), 9 (Not Answer, NA)"
"Q23","En la siguiente lista se incluye una serie de cuestiones que algunas personas piensan que ayudan a que un matrimonio o una pareja sea duradera. Dígame, por favor, para cada una de ellas, si cree que es muy importante, bastante importante o no muy importante.","v66","1 (Muy importante) - 9 (Not Answer, NA)","1 (Muy importante), 2 (Bastante importante), 3 (No muy importante), 8 (Don't Know, DK), 9 (Not Answer, NA)"
"Q23","En la siguiente lista se incluye una serie de cuestiones que algunas personas piensan que ayudan a que un matrimonio o una pareja sea duradera. Dígame, por favor, para cada una de ellas, si cree que es muy importante, bastante importante o no muy importante.","v67","1 (Muy importante) - 9 (Not Answer, NA)","1 (Muy importante), 2 (Bastante importante), 3 (No muy importante), 8 (Don't Know, DK), 9 (Not Answer, NA)"
"Q23","En la siguiente lista se incluye una serie de cuestiones que algunas personas piensan que ayudan a que un matrimonio o una pareja sea duradera. Dígame, por favor, para cada una de ellas, si cree que es muy importante, bastante importante o no muy importante.","v68","1 (Muy importante) - 9 (Not Answer, NA)","1 (Muy importante), 2 (Bastante importante), 3 (No muy importante), 8 (Don't Know, DK), 9 (Not Answer, NA)"
"Q23","En la siguiente lista se incluye una serie de cuestiones que algunas personas piensan que ayudan a que un matrimonio o una pareja sea duradera. Dígame, por favor, para cada una de ellas, si cree que es muy importante, bastante importante o no muy importante.","v69","1 (Muy importante) - 9 (Not Answer, NA)","1 (Muy importante), 2 (Bastante importante), 3 (No muy importante), 8 (Don't Know, DK), 9 (Not Answer, NA)"
"Q23","En la siguiente lista se incluye una serie de cuestiones que algunas personas piensan que ayudan a que un matrimonio o una pareja sea duradera. Dígame, por favor, para cada una de ellas, si cree que es muy importante, bastante importante o no muy importante.","v70","1 (Muy importante) - 9 (Not Answer, NA)","1 (Muy importante), 2 (Bastante importante), 3 (No muy importante), 8 (Don't Know, DK), 9 (Not Answer, NA)"
"Q24","¿Está usted de acuerdo o en desacuerdo con esta frase? El matrimonio es una institución pasada de moda.","v71","1 (De acuerdo) - 9 (Not Answer, NA)","1 (De acuerdo), 2 (desacuerdo), 8 (Don't Know, DK), 9 (Not Answer, NA)"
"Q25","Para cada una de las afirmaciones que voy a leerle, dígame por favor su grado de acuerdo.","v72","1 (muy de acuerdo) - 9 (Not Answer, NA)","1 (muy de acuerdo), 2 (de acuerdo), 3 (ni de acuerdo ni en desacuerdo), 4 (en desacuerdo), 5 (muy en desacuerdo), 8 (Don't Know, DK), 9 (Not Answer, NA)"
"Q25","Para cada una de las afirmaciones que voy a leerle, dígame por favor su grado de acuerdo.","v73","1 (muy de acuerdo) - 9 (Not Answer, NA)","1 (muy de acuerdo), 2 (de acuerdo), 3 (ni de acuerdo ni en desacuerdo), 4 (en desacuerdo), 5 (muy en desacuerdo), 8 (Don't Know, DK), 9 (Not Answer, NA)"
"Q25","Para cada una de las afirmaciones que voy a leerle, dígame por favor su grado de acuerdo.","v74","1 (muy de acuerdo) - 9 (Not Answer, NA)","1 (muy de acuerdo), 2 (de acuerdo), 3 (ni de acuerdo ni en desacuerdo), 4 (en desacuerdo), 5 (muy en desacuerdo), 8 (Don't Know, DK), 9 (Not Answer, NA)"
"Q25","Para cada una de las afirmaciones que voy a leerle, dígame por favor su grado de acuerdo.","v75","1 (muy de acuerdo) - 9 (Not Answer, NA)","1 (muy de acuerdo), 2 (de acuerdo), 3 (ni de acuerdo ni en desacuerdo), 4 (en desacuerdo), 5 (muy en desacuerdo), 8 (Don't Know, DK), 9 (Not Answer, NA)"
"Q25","Para cada una de las afirmaciones que voy a leerle, dígame por favor su grado de acuerdo.","v76","1 (muy de acuerdo) - 9 (Not Answer, NA)","1 (muy de acuerdo), 2 (de acuerdo), 3 (ni de acuerdo ni en desacuerdo), 4 (en desacuerdo), 5 (muy en desacuerdo), 8 (Don't Know, DK), 9 (Not Answer, NA)"
"Q25","Para cada una de las afirmaciones que voy a leerle, dígame por favor su grado de acuerdo.","v77","1 (muy de acuerdo) - 9 (Not Answer, NA)","1 (muy de acuerdo), 2 (de acuerdo), 3 (ni de acuerdo ni en desacuerdo), 4 (en desacuerdo), 5 (muy en desacuerdo), 8 (Don't Know, DK), 9 (Not Answer, NA)"
"Q25","Para cada una de las afirmaciones que voy a leerle, dígame por favor su grado de acuerdo.","v78","1 (muy de acuerdo) - 9 (Not Answer, NA)","1 (muy de acuerdo), 2 (de acuerdo), 3 (ni de acuerdo ni en desacuerdo), 4 (en desacuerdo), 5 (muy en desacuerdo), 8 (Don't Know, DK), 9 (Not Answer, NA)"
"Q25","Para cada una de las afirmaciones que voy a leerle, dígame por favor su grado de acuerdo.","v79","1 (muy de acuerdo) - 9 (Not Answer, NA)","1 (muy de acuerdo), 2 (de acuerdo), 3 (ni de acuerdo ni en desacuerdo), 4 (en desacuerdo), 5 (muy en desacuerdo), 8 (Don't Know, DK), 9 (Not Answer, NA)"
"Q26","Para cada una de las afirmaciones que voy a leerle, dígame por favor su grado de acuerdo.","v80","1 (muy de acuerdo) - 9 (Not Answer, NA)","1 (muy de acuerdo), 2 (de acuerdo), 3 (ni de acuerdo ni en desacuerdo), 4 (en desacuerdo), 5 (muy en desacuerdo), 8 (Don't Know, DK), 9 (Not Answer, NA)"
"Q26","Para cada una de las afirmaciones que voy a leerle, dígame por favor su grado de acuerdo.","v81","1 (muy de acuerdo) - 9 (Not Answer, NA)","1 (muy de acuerdo), 2 (de acuerdo), 3 (ni de acuerdo ni en desacuerdo), 4 (en desacuerdo), 5 (muy en desacuerdo), 8 (Don't Know, DK), 9 (Not Answer, NA)"
"Q27","¿Qué es lo que piensa sobre las afirmaciones siguientes? ¿Está Vd. de acuerdo o en desacuerdo con ellas?","v82","1 (muy de acuerdo) - 9 (Not Answer, NA)","1 (muy de acuerdo), 2 (de acuerdo), 3 (ni de acuerdo ni en desacuerdo), 4 (en desacuerdo), 5 (muy en desacuerdo), 8 (Don't Know, DK), 9 (Not Answer, NA)"
"Q27","¿Qué es lo que piensa sobre las afirmaciones siguientes? ¿Está Vd. de acuerdo o en desacuerdo con ellas?","v83","1 (muy de acuerdo) - 9 (Not Answer, NA)","1 (muy de acuerdo), 2 (de acuerdo), 3 (ni de acuerdo ni en desacuerdo), 4 (en desacuerdo), 5 (muy en desacuerdo), 8 (Don't Know, DK), 9 (Not Answer, NA)"
"Q27","¿Qué es lo que piensa sobre las afirmaciones siguientes? ¿Está Vd. de acuerdo o en desacuerdo con ellas?","v84","1 (muy de acuerdo) - 9 (Not Answer, NA)","1 (muy de acuerdo), 2 (de acuerdo), 3 (ni de acuerdo ni en desacuerdo), 4 (en desacuerdo), 5 (muy en desacuerdo), 8 (Don't Know, DK), 9 (Not Answer, NA)"
"Q28","Algunas personas dicen que los siguientes aspectos son importantes para ser realmente español. Otras dicen que no son importantes. ¿Hasta qué punto considera Ud. importante cada uno de ellos?","v85","1 (mencionado) - 9 (Not Answer, NA)","1 (mencionado), 2 (no mencionado), 8 (Don't Know, DK), 9 (Not Answer, NA)"
"Q28","Algunas personas dicen que los siguientes aspectos son importantes para ser realmente español. Otras dicen que no son importantes. ¿Hasta qué punto considera Ud. importante cada uno de ellos?","v86","1 (mencionado) - 9 (Not Answer, NA)","1 (mencionado), 2 (no mencionado), 8 (Don't Know, DK), 9 (Not Answer, NA)"
"Q28","Algunas personas dicen que los siguientes aspectos son importantes para ser realmente español. Otras dicen que no son importantes. ¿Hasta qué punto considera Ud. importante cada uno de ellos?","v87","1 (mencionado) - 9 (Not Answer, NA)","1 (mencionado), 2 (no mencionado), 8 (Don't Know, DK), 9 (Not Answer, NA)"
"Q28","Algunas personas dicen que los siguientes aspectos son importantes para ser realmente español. Otras dicen que no son importantes. ¿Hasta qué punto considera Ud. importante cada uno de ellos?","v88","1 (mencionado) - 9 (Not Answer, NA)","1 (mencionado), 2 (no mencionado), 8 (Don't Know, DK), 9 (Not Answer, NA)"
"Q28","Algunas personas dicen que los siguientes aspectos son importantes para ser realmente español. Otras dicen que no son importantes. ¿Hasta qué punto considera Ud. importante cada uno de ellos?","v89","1 (mencionado) - 9 (Not Answer, NA)","1 (mencionado), 2 (no mencionado), 8 (Don't Know, DK), 9 (Not Answer, NA)"
"Q28","Algunas personas dicen que los siguientes aspectos son importantes para ser realmente español. Otras dicen que no son importantes. ¿Hasta qué punto considera Ud. importante cada uno de ellos?","v90","1 (mencionado) - 9 (Not Answer, NA)","1 (mencionado), 2 (no mencionado), 8 (Don't Know, DK), 9 (Not Answer, NA)"
"Q28","Algunas personas dicen que los siguientes aspectos son importantes para ser realmente español. Otras dicen que no son importantes. ¿Hasta qué punto considera Ud. importante cada uno de ellos?","v91","1 (mencionado) - 9 (Not Answer, NA)","1 (mencionado), 2 (no mencionado), 8 (Don't Know, DK), 9 (Not Answer, NA)"
"Q28","Algunas personas dicen que los siguientes aspectos son importantes para ser realmente español. Otras dicen que no son importantes. ¿Hasta qué punto considera Ud. importante cada uno de ellos?","v92","1 (mencionado) - 9 (Not Answer, NA)","1 (mencionado), 2 (no mencionado), 8 (Don't Know, DK), 9 (Not Answer, NA)"
"Q28","Algunas personas dicen que los siguientes aspectos son importantes para ser realmente español. Otras dicen que no son importantes. ¿Hasta qué punto considera Ud. importante cada uno de ellos?","v93","1 (mencionado) - 9 (Not Answer, NA)","1 (mencionado), 2 (no mencionado), 8 (Don't Know, DK), 9 (Not Answer, NA)"
"Q28","Algunas personas dicen que los siguientes aspectos son importantes para ser realmente español. Otras dicen que no son importantes. ¿Hasta qué punto considera Ud. importante cada uno de ellos?","v94","1 (mencionado) - 9 (Not Answer, NA)","1 (mencionado), 2 (no mencionado), 8 (Don't Know, DK), 9 (Not Answer, NA)"
"Q28","Algunas personas dicen que los siguientes aspectos son importantes para ser realmente español. Otras dicen que no son importantes. ¿Hasta qué punto considera Ud. importante cada uno de ellos?","v95","1 (mencionado) - 9 (Not Answer, NA)","1 (mencionado), 2 (no mencionado), 8 (Don't Know, DK), 9 (Not Answer, NA)"
"Q28","Algunas personas dicen que los siguientes aspectos son importantes para ser realmente español. Otras dicen que no son importantes. ¿Hasta qué punto considera Ud. importante cada uno de ellos?","v96","1 (mencionado) - 9 (Not Answer, NA)","1 (mencionado), 2 (no mencionado), 8 (Don't Know, DK), 9 (Not Answer, NA)"
"Q29","¿En qué medida está Ud. interesado por la política?","v97","1 (muy interesado) - 9 (Not Answer, NA)","1 (muy interesado), 2 (algo interesado), 3 (no muy interesado), 4 (nada interesado), 8 (Don't Know, DK), 9 (Not Answer, NA)"
"Q30","Ahora veremos algunas formas diferentes de acción política que puede llevar a la gente, y querrá que me dijera, para cada una de ellas, si Vd. la ha hecho ya, podría hacerla o si nunca la haría bajo ninguna circunstancia.","v98","1 (ha hecho) - 9 (Not Answer, NA)","1 (ha hecho), 2 (podría hacer), 3 (nunca la haría), 8 (Don't Know, DK), 9 (Not Answer, NA)"
"Q30","Ahora veremos algunas formas diferentes de acción política que puede llevar a la gente, y querrá que me dijera, para cada una de ellas, si Vd. la ha hecho ya, podría hacerla o si nunca la haría bajo ninguna circunstancia.","v99","1 (ha hecho) - 9 (Not Answer, NA)","1 (ha hecho), 2 (podría hacer), 3 (nunca la haría), 8 (Don't Know, DK), 9 (Not Answer, NA)"
"Q30","Ahora veremos algunas formas diferentes de acción política que puede llevar a la gente, y querrá que me dijera, para cada una de ellas, si Vd. la ha hecho ya, podría hacerla o si nunca la haría bajo ninguna circunstancia.","v100","1 (ha hecho) - 9 (Not Answer, NA)","1 (ha hecho), 2 (podría hacer), 3 (nunca la haría), 8 (Don't Know, DK), 9 (Not Answer, NA)"
"Q30","Ahora veremos algunas formas diferentes de acción política que puede llevar a la gente, y querrá que me dijera, para cada una de ellas, si Vd. la ha hecho ya, podría hacerla o si nunca la haría bajo ninguna circunstancia.","v101","1 (ha hecho) - 9 (Not Answer, NA)","1 (ha hecho), 2 (podría hacer), 3 (nunca la haría), 8 (Don't Know, DK), 9 (Not Answer, NA)"
"Q31","Cuando se habla de política se utilizan normalmente las expresiones izquierda y derecha. En esta tarjeta hay una serie de casillas que van de izquierda a derecha. ¿En qué casilla se colocaría Ud.?","v102","1 (Izquierda) - 10 (Derecha)","1 (Izquierda), 2, 3, 4, 5, 6, 7, 8, 9, 10 (Derecha), 88 (Don't Know, DK), 99 (Not Answer, NA)"
"Q32A","En esta tarjeta tiene Ud. una serie de visiones opuestas sobre varios temas. ¿Cómo situaría Ud. sus opiniones en esta escala?","v103","1 (Las personas deberían asumir individualmente más responsabilidades en cuanto a proveerse de medios de vida para sí mismos) - 10 (El Estado debería asumir más responsabilidades en cuanto a asegurarse de proporcionar medios de vida a todo el mundo)","1 (Las personas deberían asumir individualmente más responsabilidades en cuanto a proveerse de medios de vida para sí mismos), 2, 3, 4, 5, 6, 7, 8, 9, 10 (El Estado debería asumir más responsabilidades en cuanto a asegurarse de proporcionar medios de vida a todo el mundo), 88 (Don't Know, DK), 99 (Not Answer, NA)"
"Q32B","En esta tarjeta tiene Ud. una serie de visiones opuestas sobre varios temas. ¿Cómo situaría Ud. sus opiniones en esta escala?","v104","1 (Los parados deberían aceptar cualquier trabajo disponible o bien perder la pensión de paro) - 10 (Los parados deberían tener el derecho a no aceptar un trabajo que no deseen)","1 (Los parados deberían aceptar cualquier trabajo disponible o bien perder la pensión de paro), 2, 3, 4, 5, 6, 7, 8, 9, 10 (Los parados deberían tener el derecho a no aceptar un trabajo que no deseen), 88 (Don't Know, DK), 99 (Not Answer, NA)"
"Q32C","En esta tarjeta tiene Ud. una serie de visiones opuestas sobre varios temas. ¿Cómo situaría Ud. sus opiniones en esta escala?","v105","1 (La competencia es buena) - 10 (La competencia es perjudicial)","1 (La competencia es buena), 2, 3, 4, 5, 6, 7, 8, 9, 10 (La competencia es perjudicial), 88 (Don't Know, DK), 99 (Not Answer, NA)"
"Q32D","En esta tarjeta tiene Ud. una serie de visiones opuestas sobre varios temas. ¿Cómo situaría Ud. sus opiniones en esta escala?","v106","1 (Los ingresos deberían ser más equitativos) - 10 (Debería haber mayores incentivos para el esfuerzo individual)","1 (Los ingresos deberían ser más equitativos), 2, 3, 4, 5, 6, 7, 8, 9, 10 (Debería haber mayores incentivos para el esfuerzo individual), 88 (Don't Know, DK), 99 (Not Answer, NA)"
"Q32E","En esta tarjeta tiene Ud. una serie de visiones opuestas sobre varios temas. ¿Cómo situaría Ud. sus opiniones en esta escala?","v107","1 (Se debería aumentar la propiedad privada de los negocios y la industria) - 10 (Se debería aumentar la propiedad estatal de los negocios y la industria)","1 (Se debería aumentar la propiedad privada de los negocios y la industria), 2, 3, 4, 5, 6, 7, 8, 9, 10 (Se debería aumentar la propiedad estatal de los negocios y la industria), 88 (Don't Know, DK), 99 (Not Answer, NA)"
"Q33","Se habla mucho hoy en día sobre cuáles deberían ser los objetivos de este país para los próximos diez años. En esta tarjeta hay varios objetivos a los que diversas personas darían prioridad. ¿Podría decirme cuál, de entre estos, considera Ud. personalmente el más importante?","v108","1 (Un alto nivel de crecimiento económico) - 9 (Not Answer, NA)","1 (Un alto nivel de crecimiento económico), 2 (Asegurar que este país tenga unas Fuerzas Armadas importantes), 3 (Lograr que la gente pueda participar más en cómo se hacen las cosas en su lugar de trabajo y en su comunidad), 4 (Intentar que nuestras ciudades y nuestro campo sean más bonitos), 8 (Don't Know, DK), 9 (Not Answer, NA)"
"Q33a","¿Y cuál le seguiría en importancia?","v109","1 (Un alto nivel de crecimiento económico) - 9 (Not Answer, NA)","1 (Un alto nivel de crecimiento económico), 2 (Asegurar que este país tenga unas Fuerzas Armadas importantes), 3 (Lograr que la gente pueda participar más en cómo se hacen las cosas en su lugar de trabajo y en su comunidad), 4 (Intentar que nuestras ciudades y nuestro campo sean más bonitos), 8 (Don't Know, DK), 9 (Not Answer, NA)"
"Q34","Si tuviese que elegir, ¿cuál de los siguientes aspectos que aparecen en esta tarjeta diría usted que es más importante?","v110","1 (Mantener el orden en el país) - 9 (Not Answer, NA)","1 (Mantener el orden en el país), 2 (Dar más voz a la gente en las decisiones importantes que toma el gobierno), 3 (Combatir el alza de los precios), 4 (Proteger la libertad de expresión), 8 (Don't Know, DK), 9 (Not Answer, NA)"
"Q35","¿Y cuál le seguiría en importancia?","v111","1 (Mantener el orden en el país) - 9 (Not Answer, NA)","1 (Mantener el orden en el país), 2 (Dar más voz a la gente en las decisiones importantes que toma el gobierno), 3 (Combatir el alza de los precios), 4 (Proteger la libertad de expresión), 8 (Don't Know, DK), 9 (Not Answer, NA)"
"Q36","¿Diría usted que, en el caso de que todos esperáramos que no haya otra guerra, estaría Vd. dispuesto a luchar por su país?","v112","1 (si) - 9 (Not Answer, NA)","1 (si), 2 (no), 8 (Don't Know, DK), 9 (Not Answer, NA)"
"Q37","Aquí hay una lista con algunos cambios referidos a nuestro estilo de vida que podrían tener lugar en un futuro próximo. Por favor, dígame, para cada uno de ellos, y suponiendo que éstos se produjeran, si Vd. piensa que sería algo bueno, algo malo o le da igual.","v113","1 (bueno) - 9 (Not Answer, NA)","1 (bueno), 2 (malo), 3 (Me da igual), 8 (Don't Know, DK), 9 (Not Answer, NA)"
"Q37","Aquí hay una lista con algunos cambios referidos a nuestro estilo de vida que podrían tener lugar en un futuro próximo. Por favor, dígame, para cada uno de ellos, y suponiendo que éstos se produjeran, si Vd. piensa que sería algo bueno, algo malo o le da igual.","v114","1 (bueno) - 9 (Not Answer, NA)","1 (bueno), 2 (malo), 3 (Me da igual), 8 (Don't Know, DK), 9 (Not Answer, NA)"
"Q38","Vea, por favor, esta tarjeta y dígame, para cada una de las instituciones de la lista, cuánta confianza tiene Ud. en ellas: mucha, bastante, no mucha o ninguna.","v115","1 (mucha) - 9 (Not Answer, NA)","1 (mucha), 2 (bastante), 3 (no mucha), 4 (ninguna), 8 (Don't Know, DK), 9 (Not Answer, NA)"
"Q38","Vea, por favor, esta tarjeta y dígame, para cada una de las instituciones de la lista, cuánta confianza tiene Ud. en ellas: mucha, bastante, no mucha o ninguna.","v116","1 (mucha) - 9 (Not Answer, NA)","1 (mucha), 2 (bastante), 3 (no mucha), 4 (ninguna), 8 (Don't Know, DK), 9 (Not Answer, NA)"
"Q38","Vea, por favor, esta tarjeta y dígame, para cada una de las instituciones de la lista, cuánta confianza tiene Ud. en ellas: mucha, bastante, no mucha o ninguna.","v117","1 (mucha) - 9 (Not Answer, NA)","1 (mucha), 2 (bastante), 3 (no mucha), 4 (ninguna), 8 (Don't Know, DK), 9 (Not Answer, NA)"
"Q38","Vea, por favor, esta tarjeta y dígame, para cada una de las instituciones de la lista, cuánta confianza tiene Ud. en ellas: mucha, bastante, no mucha o ninguna.","v118","1 (mucha) - 9 (Not Answer, NA)","1 (mucha), 2 (bastante), 3 (no mucha), 4 (ninguna), 8 (Don't Know, DK), 9 (Not Answer, NA)"
"Q38","Vea, por favor, esta tarjeta y dígame, para cada una de las instituciones de la lista, cuánta confianza tiene Ud. en ellas: mucha, bastante, no mucha o ninguna.","v119","1 (mucha) - 9 (Not Answer, NA)","1 (mucha), 2 (bastante), 3 (no mucha), 4 (ninguna), 8 (Don't Know, DK), 9 (Not Answer, NA)"
"Q38","Vea, por favor, esta tarjeta y dígame, para cada una de las instituciones de la lista, cuánta confianza tiene Ud. en ellas: mucha, bastante, no mucha o ninguna.","v120","1 (mucha) - 9 (Not Answer, NA)","1 (mucha), 2 (bastante), 3 (no mucha), 4 (ninguna), 8 (Don't Know, DK), 9 (Not Answer, NA)"
"Q38","Vea, por favor, esta tarjeta y dígame, para cada una de las instituciones de la lista, cuánta confianza tiene Ud. en ellas: mucha, bastante, no mucha o ninguna.","v121","1 (mucha) - 9 (Not Answer, NA)","1 (mucha), 2 (bastante), 3 (no mucha), 4 (ninguna), 8 (Don't Know, DK), 9 (Not Answer, NA)"
"Q38","Vea, por favor, esta tarjeta y dígame, para cada una de las instituciones de la lista, cuánta confianza tiene Ud. en ellas: mucha, bastante, no mucha o ninguna.","v122","1 (mucha) - 9 (Not Answer, NA)","1 (mucha), 2 (bastante), 3 (no mucha), 4 (ninguna), 8 (Don't Know, DK), 9 (Not Answer, NA)"
"Q38","Vea, por favor, esta tarjeta y dígame, para cada una de las instituciones de la lista, cuánta confianza tiene Ud. en ellas: mucha, bastante, no mucha o ninguna.","v123","1 (mucha) - 9 (Not Answer, NA)","1 (mucha), 2 (bastante), 3 (no mucha), 4 (ninguna), 8 (Don't Know, DK), 9 (Not Answer, NA)"
"Q38","Vea, por favor, esta tarjeta y dígame, para cada una de las instituciones de la lista, cuánta confianza tiene Ud. en ellas: mucha, bastante, no mucha o ninguna.","v124","1 (mucha) - 9 (Not Answer, NA)","1 (mucha), 2 (bastante), 3 (no mucha), 4 (ninguna), 8 (Don't Know, DK), 9 (Not Answer, NA)"
"Q38","Vea, por favor, esta tarjeta y dígame, para cada una de las instituciones de la lista, cuánta confianza tiene Ud. en ellas: mucha, bastante, no mucha o ninguna.","v125","1 (mucha) - 9 (Not Answer, NA)","1 (mucha), 2 (bastante), 3 (no mucha), 4 (ninguna), 8 (Don't Know, DK), 9 (Not Answer, NA)"
"Q38","Vea, por favor, esta tarjeta y dígame, para cada una de las instituciones de la lista, cuánta confianza tiene Ud. en ellas: mucha, bastante, no mucha o ninguna.","v126","1 (mucha) - 9 (Not Answer, NA)","1 (mucha), 2 (bastante), 3 (no mucha), 4 (ninguna), 8 (Don't Know, DK), 9 (Not Answer, NA)"
"Q38","Vea, por favor, esta tarjeta y dígame, para cada una de las instituciones de la lista, cuánta confianza tiene Ud. en ellas: mucha, bastante, no mucha o ninguna.","v127","1 (mucha) - 9 (Not Answer, NA)","1 (mucha), 2 (bastante), 3 (no mucha), 4 (ninguna), 8 (Don't Know, DK), 9 (Not Answer, NA)"
"Q38","Vea, por favor, esta tarjeta y dígame, para cada una de las instituciones de la lista, cuánta confianza tiene Ud. en ellas: mucha, bastante, no mucha o ninguna.","v128","1 (mucha) - 9 (Not Answer, NA)","1 (mucha), 2 (bastante), 3 (no mucha), 4 (ninguna), 8 (Don't Know, DK), 9 (Not Answer, NA)"
"Q38","Vea, por favor, esta tarjeta y dígame, para cada una de las instituciones de la lista, cuánta confianza tiene Ud. en ellas: mucha, bastante, no mucha o ninguna.","v129","1 (mucha) - 9 (Not Answer, NA)","1 (mucha), 2 (bastante), 3 (no mucha), 4 (ninguna), 8 (Don't Know, DK), 9 (Not Answer, NA)"
"Q38","Vea, por favor, esta tarjeta y dígame, para cada una de las instituciones de la lista, cuánta confianza tiene Ud. en ellas: mucha, bastante, no mucha o ninguna.","v130","1 (mucha) - 9 (Not Answer, NA)","1 (mucha), 2 (bastante), 3 (no mucha), 4 (ninguna), 8 (Don't Know, DK), 9 (Not Answer, NA)"
"Q38","Vea, por favor, esta tarjeta y dígame, para cada una de las instituciones de la lista, cuánta confianza tiene Ud. en ellas: mucha, bastante, no mucha o ninguna.","v131","1 (mucha) - 9 (Not Answer, NA)","1 (mucha), 2 (bastante), 3 (no mucha), 4 (ninguna), 8 (Don't Know, DK), 9 (Not Answer, NA)"
"Q38","Vea, por favor, esta tarjeta y dígame, para cada una de las instituciones de la lista, cuánta confianza tiene Ud. en ellas: mucha, bastante, no mucha o ninguna.","v132","1 (mucha) - 9 (Not Answer, NA)","1 (mucha), 2 (bastante), 3 (no mucha), 4 (ninguna), 8 (Don't Know, DK), 9 (Not Answer, NA)"
"Q39","Hay muchas cosas que son deseables en una democracia, pero no todas ellas son características esenciales de ella. Por favor, dígame para cada una de las cosas que le menciono a continuación si cree que es esencial en una democracia. Utilice esta escala en la que el 1 significa que “no es una característica esencial de la democracia” y el 10 significa que “es una característica esencial de la democracia”.","v133","1 (No es una característica esencial de la democracia) - 10 (Es una característica esencial de la democracia)","1 (No es una característica esencial de la democracia), 2, 3, 4, 5, 6, 7, 8, 9, 10 (Es una característica esencial de la democracia), 0 (No sabe), 88 (Don't Know, DK), 99 (Not Answer, NA)"
"Q39","Hay muchas cosas que son deseables en una democracia, pero no todas ellas son características esenciales de ella. Por favor, dígame para cada una de las cosas que le menciono a continuación si cree que es esencial en una democracia. Utilice esta escala en la que el 1 significa que “no es una característica esencial de la democracia” y el 10 significa que “es una característica esencial de la democracia”.","v134","1 (No es una característica esencial de la democracia) - 10 (Es una característica esencial de la democracia)","1 (No es una característica esencial de la democracia), 2, 3, 4, 5, 6, 7, 8, 9, 10 (Es una característica esencial de la democracia), 0 (No sabe), 88 (Don't Know, DK), 99 (Not Answer, NA)"
"Q39","Hay muchas cosas que son deseables en una democracia, pero no todas ellas son características esenciales de ella. Por favor, dígame para cada una de las cosas que le menciono a continuación si cree que es esencial en una democracia. Utilice esta escala en la que el 1 significa que “no es una característica esencial de la democracia” y el 10 significa que “es una característica esencial de la democracia”.","v135","1 (No es una característica esencial de la democracia) - 10 (Es una característica esencial de la democracia)","1 (No es una característica esencial de la democracia), 2, 3, 4, 5, 6, 7, 8, 9, 10 (Es una característica esencial de la democracia), 0 (No sabe), 88 (Don't Know, DK), 99 (Not Answer, NA)"
"Q39","Hay muchas cosas que son deseables en una democracia, pero no todas ellas son características esenciales de ella. Por favor, dígame para cada una de las cosas que le menciono a continuación si cree que es esencial en una democracia. Utilice esta escala en la que el 1 significa que “no es una característica esencial de la democracia” y el 10 significa que “es una característica esencial de la democracia”.","v136","1 (No es una característica esencial de la democracia) - 10 (Es una característica esencial de la democracia)","1 (No es una característica esencial de la democracia), 2, 3, 4, 5, 6, 7, 8, 9, 10 (Es una característica esencial de la democracia), 0 (No sabe), 88 (Don't Know, DK), 99 (Not Answer, NA)"
"Q39","Hay muchas cosas que son deseables en una democracia, pero no todas ellas son características esenciales de ella. Por favor, dígame para cada una de las cosas que le menciono a continuación si cree que es esencial en una democracia. Utilice esta escala en la que el 1 significa que “no es una característica esencial de la democracia” y el 10 significa que “es una característica esencial de la democracia”.","v137","1 (No es una característica esencial de la democracia) - 10 (Es una característica esencial de la democracia)","1 (No es una característica esencial de la democracia), 2, 3, 4, 5, 6, 7, 8, 9, 10 (Es una característica esencial de la democracia), 0 (No sabe), 88 (Don't Know, DK), 99 (Not Answer, NA)"
"Q39","Hay muchas cosas que son deseables en una democracia, pero no todas ellas son características esenciales de ella. Por favor, dígame para cada una de las cosas que le menciono a continuación si cree que es esencial en una democracia. Utilice esta escala en la que el 1 significa que “no es una característica esencial de la democracia” y el 10 significa que “es una característica esencial de la democracia”.","v138","1 (No es una característica esencial de la democracia) - 10 (Es una característica esencial de la democracia)","1 (No es una característica esencial de la democracia), 2, 3, 4, 5, 6, 7, 8, 9, 10 (Es una característica esencial de la democracia), 0 (No sabe), 88 (Don't Know, DK), 99 (Not Answer, NA)"
"Q39","Hay muchas cosas que son deseables en una democracia, pero no todas ellas son características esenciales de ella. Por favor, dígame para cada una de las cosas que le menciono a continuación si cree que es esencial en una democracia. Utilice esta escala en la que el 1 significa que “no es una característica esencial de la democracia” y el 10 significa que “es una característica esencial de la democracia”.","v139","1 (No es una característica esencial de la democracia) - 10 (Es una característica esencial de la democracia)","1 (No es una característica esencial de la democracia), 2, 3, 4, 5, 6, 7, 8, 9, 10 (Es una característica esencial de la democracia), 0 (No sabe), 88 (Don't Know, DK), 99 (Not Answer, NA)"
"Q39","Hay muchas cosas que son deseables en una democracia, pero no todas ellas son características esenciales de ella. Por favor, dígame para cada una de las cosas que le menciono a continuación si cree que es esencial en una democracia. Utilice esta escala en la que el 1 significa que “no es una característica esencial de la democracia” y el 10 significa que “es una característica esencial de la democracia”.","v140","1 (No es una característica esencial de la democracia) - 10 (Es una característica esencial de la democracia)","1 (No es una característica esencial de la democracia), 2, 3, 4, 5, 6, 7, 8, 9, 10 (Es una característica esencial de la democracia), 0 (No sabe), 88 (Don't Know, DK), 99 (Not Answer, NA)"
"Q39","Hay muchas cosas que son deseables en una democracia, pero no todas ellas son características esenciales de ella. Por favor, dígame para cada una de las cosas que le menciono a continuación si cree que es esencial en una democracia. Utilice esta escala en la que el 1 significa que “no es una característica esencial de la democracia” y el 10 significa que “es una característica esencial de la democracia”.","v141","1 (No es una característica esencial de la democracia) - 10 (Es una característica esencial de la democracia)","1 (No es una característica esencial de la democracia), 2, 3, 4, 5, 6, 7, 8, 9, 10 (Es una característica esencial de la democracia), 0 (No sabe), 88 (Don't Know, DK), 99 (Not Answer, NA)"
"Q40","¿Qué importancia tiene para Ud. vivir en un país que esté gobernado democráticamente? En esta escala de 1 a 10, donde 1 significa que no es en absoluto importante y 10 significa que es absolutamente importante, ¿en qué posición se colocaría?","v142","1 (No es en absoluto importante) - 10 (Es absolutamente importante),1 (No es en absoluto importante), 2, 3, 4, 5, 6, 7, 8, 9, 10 (Es absolutamente importante), 88 (Don't Know, DK), 99 (Not Answer, NA)"
"Q41","¿Y en qué medida está Vd. satisfecho con la forma en que se está gobernando democráticamente este país en la actualidad? Utilizando esta escala de 1 a 10 en la que el 1 significa que “no es en absoluto democrático” y el 10 significa que “es completamente democrático”, ¿qué número elegiría?","v143","1 (No es en absoluto democrático) - 10 (Es completamente democrático)","1 (No es en absoluto democrático), 2, 3, 4, 5, 6, 7, 8, 9, 10 (Es completamente democrático), 88 (Don't Know, DK), 99 (Not Answer, NA)"
"Q42","En una escala del 1 al 10 donde 1 significa “completamente insatisfecho” y 10 es “completamente satisfecho”, ¿qué grado de satisfacción tiene usted con el funcionamiento del sistema político de su país actualmente?","v144","1 (completamente insatisfecho) - 10 (completamente satisfecho)","1 (completamente insatisfecho), 2, 3, 4, 5, 6, 7, 8, 9, 10 (completamente satisfecho), 88 (Don't Know, DK), 99 (Not Answer, NA)"
"Q43","Le voy a describir varios tipos de sistemas políticos y pedirle su opinión sobre cada uno. ¿Diría Vd. que es una manera muy buena, bastante buena, no muy buena o muy mala de gobernar este país?","v145","1 (muy buena) - 9 (Not Answer, NA)","1 (muy buena), 2 (bastante buena), 3 (no muy buena), 4 (muy mala), 8 (Don't Know, DK), 9 (Not Answer, NA)"
"Q43","Le voy a describir varios tipos de sistemas políticos y pedirle su opinión sobre cada uno. ¿Diría Vd. que es una manera muy buena, bastante buena, no muy buena o muy mala de gobernar este país?","v146","1 (muy buena) - 9 (Not Answer, NA)","1 (muy buena), 2 (bastante buena), 3 (no muy buena), 4 (muy mala), 8 (Don't Know, DK), 9 (Not Answer, NA)"
"Q43","Le voy a describir varios tipos de sistemas políticos y pedirle su opinión sobre cada uno. ¿Diría Vd. que es una manera muy buena, bastante buena, no muy buena o muy mala de gobernar este país?","v147","1 (muy buena) - 9 (Not Answer, NA)","1 (muy buena), 2 (bastante buena), 3 (no muy buena), 4 (muy mala), 8 (Don't Know, DK), 9 (Not Answer, NA)"
"Q43","Le voy a describir varios tipos de sistemas políticos y pedirle su opinión sobre cada uno. ¿Diría Vd. que es una manera muy buena, bastante buena, no muy buena o muy mala de gobernar este país?","v148","1 (muy buena) - 9 (Not Answer, NA)","1 (muy buena), 2 (bastante buena), 3 (no muy buena), 4 (muy mala), 8 (Don't Know, DK), 9 (Not Answer, NA)"
"Q44","Dígame, por favor, para cada una de las siguientes cosas, si piensa siempre que es posible, nunca lo es o si, bajo ninguna circunstancia, podría justificarse.","v149","1 (nunca) - 9 (Not Answer, NA)","1 (nunca), 2, 3, 4, 5, 6, 7, 8, 9, 10 (siempre), 88 (Don't Know, DK), 99 (Not Answer, NA)"
"Q44","Dígame, por favor, para cada una de las siguientes cosas, si piensa siempre que es posible, nunca lo es o si, bajo ninguna circunstancia, podría justificarse.","v150","1 (nunca) - 9 (Not Answer, NA)","1 (nunca), 2, 3, 4, 5, 6, 7, 8, 9, 10 (siempre), 88 (Don't Know, DK), 99 (Not Answer, NA)"
"Q44","Dígame, por favor, para cada una de las siguientes cosas, si piensa siempre que es posible, nunca lo es o si, bajo ninguna circunstancia, podría justificarse.","v151","1 (nunca) - 9 (Not Answer, NA)","1 (nunca), 2, 3, 4, 5, 6, 7, 8, 9, 10 (siempre), 88 (Don't Know, DK), 99 (Not Answer, NA)"
"Q44","Dígame, por favor, para cada una de las siguientes cosas, si piensa siempre que es posible, nunca lo es o si, bajo ninguna circunstancia, podría justificarse.","v152","1 (nunca) - 9 (Not Answer, NA)","1 (nunca), 2, 3, 4, 5, 6, 7, 8, 9, 10 (siempre), 88 (Don't Know, DK), 99 (Not Answer, NA)"
"Q44","Dígame, por favor, para cada una de las siguientes cosas, si piensa siempre que es posible, nunca lo es o si, bajo ninguna circunstancia, podría justificarse.","v153","1 (nunca) - 9 (Not Answer, NA)","1 (nunca), 2, 3, 4, 5, 6, 7, 8, 9, 10 (siempre), 88 (Don't Know, DK), 99 (Not Answer, NA)"
"Q44","Dígame, por favor, para cada una de las siguientes cosas, si piensa siempre que es posible, nunca lo es o si, bajo ninguna circunstancia, podría justificarse.","v154","1 (nunca) - 9 (Not Answer, NA)","1 (nunca), 2, 3, 4, 5, 6, 7, 8, 9, 10 (siempre), 88 (Don't Know, DK), 99 (Not Answer, NA)"
"Q44","Dígame, por favor, para cada una de las siguientes cosas, si piensa siempre que es posible, nunca lo es o si, bajo ninguna circunstancia, podría justificarse.","v155","1 (nunca) - 9 (Not Answer, NA)","1 (nunca), 2, 3, 4, 5, 6, 7, 8, 9, 10 (siempre), 88 (Don't Know, DK), 99 (Not Answer, NA)"
"Q44","Dígame, por favor, para cada una de las siguientes cosas, si piensa siempre que es posible, nunca lo es o si, bajo ninguna circunstancia, podría justificarse.","v156","1 (nunca) - 9 (Not Answer, NA)","1 (nunca), 2, 3, 4, 5, 6, 7, 8, 9, 10 (siempre), 88 (Don't Know, DK), 99 (Not Answer, NA)"
"Q44","Dígame, por favor, para cada una de las siguientes cosas, si piensa siempre que es posible, nunca lo es o si, bajo ninguna circunstancia, podría justificarse.","v157","1 (nunca) - 9 (Not Answer, NA)","1 (nunca), 2, 3, 4, 5, 6, 7, 8, 9, 10 (siempre), 88 (Don't Know, DK), 99 (Not Answer, NA)"
"Q44","Dígame, por favor, para cada una de las siguientes cosas, si piensa siempre que es posible, nunca lo es o si, bajo ninguna circunstancia, podría justificarse.","v158","1 (nunca) - 9 (Not Answer, NA)","1 (nunca), 2, 3, 4, 5, 6, 7, 8, 9, 10 (siempre), 88 (Don't Know, DK), 99 (Not Answer, NA)"
"Q44","Dígame, por favor, para cada una de las siguientes cosas, si piensa siempre que es posible, nunca lo es o si, bajo ninguna circunstancia, podría justificarse.","v159","1 (nunca) - 9 (Not Answer, NA)","1 (nunca), 2, 3, 4, 5, 6, 7, 8, 9, 10 (siempre), 88 (Don't Know, DK), 99 (Not Answer, NA)"
"Q44","Dígame, por favor, para cada una de las siguientes cosas, si piensa siempre que es posible, nunca lo es o si, bajo ninguna circunstancia, podría justificarse.","v160","1 (nunca) - 9 (Not Answer, NA)","1 (nunca), 2, 3, 4, 5, 6, 7, 8, 9, 10 (siempre), 88 (Don't Know, DK), 99 (Not Answer, NA)"
"Q44","Dígame, por favor, para cada una de las siguientes cosas, si piensa siempre que es posible, nunca lo es o si, bajo ninguna circunstancia, podría justificarse.","v161","1 (nunca) - 9 (Not Answer, NA)","1 (nunca), 2, 3, 4, 5, 6, 7, 8, 9, 10 (siempre), 88 (Don't Know, DK), 99 (Not Answer, NA)"
"Q44","Dígame, por favor, para cada una de las siguientes cosas, si piensa siempre que es posible, nunca lo es o si, bajo ninguna circunstancia, podría justificarse.","v162","1 (nunca) - 9 (Not Answer, NA)","1 (nunca), 2, 3, 4, 5, 6, 7, 8, 9, 10 (siempre), 88 (Don't Know, DK), 99 (Not Answer, NA)"
"Q45","La gente tiene diferentes puntos de vista sobre sí misma y cómo se relaciona con el mundo. Utilizando esta tarjeta, ¿podría decirme en qué medida se siente Ud. cercano a...?","v163","1 (Muy cercano) - 9 (Not Answer, NA)","1 (Muy cercano), 2 (cercano), 3 (no muy cercano), 4 (no cercano en absoluto), 8 (Don't Know, DK), 9 (Not Answer, NA)"
"Q45","La gente tiene diferentes puntos de vista sobre sí misma y cómo se relaciona con el mundo. Utilizando esta tarjeta, ¿podría decirme en qué medida se siente Ud. cercano a...?","v164","1 (Muy cercano) - 9 (Not Answer, NA)","1 (Muy cercano), 2 (cercano), 3 (no muy cercano), 4 (no cercano en absoluto), 8 (Don't Know, DK), 9 (Not Answer, NA)"
"Q45","La gente tiene diferentes puntos de vista sobre sí misma y cómo se relaciona con el mundo. Utilizando esta tarjeta, ¿podría decirme en qué medida se siente Ud. cercano a...?","v165","1 (Muy cercano) - 9 (Not Answer, NA)","1 (Muy cercano), 2 (cercano), 3 (no muy cercano), 4 (no cercano en absoluto), 8 (Don't Know, DK), 9 (Not Answer, NA)"
"Q45","La gente tiene diferentes puntos de vista sobre sí misma y cómo se relaciona con el mundo. Utilizando esta tarjeta, ¿podría decirme en qué medida se siente Ud. cercano a...?","v166","1 (Muy cercano) - 9 (Not Answer, NA)","1 (Muy cercano), 2 (cercano), 3 (no muy cercano), 4 (no cercano en absoluto), 8 (Don't Know, DK), 9 (Not Answer, NA)"
"Q45","La gente tiene diferentes puntos de vista sobre sí misma y cómo se relaciona con el mundo. Utilizando esta tarjeta, ¿podría decirme en qué medida se siente Ud. cercano a...?","v167","1 (Muy cercano) - 9 (Not Answer, NA)","1 (Muy cercano), 2 (cercano), 3 (no muy cercano), 4 (no cercano en absoluto), 8 (Don't Know, DK), 9 (Not Answer, NA)"
"Q45","La gente tiene diferentes puntos de vista sobre sí misma y cómo se relaciona con el mundo. Utilizando esta tarjeta, ¿podría decirme en qué medida se siente Ud. cercano a...?","v168","1 (Muy cercano) - 9 (Not Answer, NA)","1 (Muy cercano), 2 (cercano), 3 (no muy cercano), 4 (no cercano en absoluto), 8 (Don't Know, DK), 9 (Not Answer, NA)"
"Q46","¿Es Ud. ciudadano del Estado español?","v169","1 (si) - 9 (Not Answer, NA)","1 (si), 2 (no), 8 (Don't Know, DK), 9 (Not Answer, NA)"
"Q47","¿Hasta qué punto está Ud. orgulloso de ser ciudadano español?","v170","1 (muy orgulloso) - 9 (Not Answer, NA)","1 (muy orgulloso), 2 (bastante orgulloso), 3 (no muy orgulloso), 4 (nada orgulloso), 8 (Don't Know, DK), 9 (Not Answer, NA)"
"Q48","Cuando se celebran elecciones, ¿usted vota siempre, frecuentemente o nunca? Por favor, indique para cada uno de los siguientes niveles:","v171","1 (siempre) - 9 (Not Answer, NA)","1 (siempre), 2 (frecuentemente), 3 (nunca), 8 (Don't Know, DK), 7 (No le está permitido votar)"
"Q48","Cuando se celebran elecciones, ¿usted vota siempre, frecuentemente o nunca? Por favor, indique para cada uno de los siguientes niveles:","v172","1 (siempre) - 9 (Not Answer, NA)","1 (siempre), 2 (frecuentemente), 3 (nunca), 8 (Don't Know, DK), 7 (No le está permitido votar)"
"Q48","Cuando se celebran elecciones, ¿usted vota siempre, frecuentemente o nunca? Por favor, indique para cada uno de los siguientes niveles:","v173","1 (siempre) - 9 (Not Answer, NA)","1 (siempre), 2 (frecuentemente), 3 (nunca), 8 (Don't Know, DK), 7 (No le está permitido votar)"
"Q49","¿Por qué partido político siente más simpatía?","v174","1 (PSOE) - 99 (otra)","1 (PSOE), 2 (PP), 3 (IU), 4 (ICV), 5 (Podemos), 6 (En Común Podem), 7 (En Marea), 8 (Compromis), 9 (Ciudadanos), 10 (PDCat), 11 (ERC), 12 (PNV), 13 (EHBildu), 14 (UPN), 15 (GeronaBai), 16 (CC), 17 (Nca), 18 (BNG), 19 (CHA), 20 (PAR), 21 (FAC), 31 (Otra), 88 (Don't Know, DK), 99 (Not Answer, NA)"
"Q49a","¿Hay algún otro partido por el que sienta simpatía?","v175","1 (PSOE) - 99 (otra)","1 (PSOE), 2 (PP), 3 (IU), 4 (ICV), 5 (Podemos), 6 (En Común Podem), 7 (En Marea), 8 (Compromis), 9 (Ciudadanos), 10 (PDCat), 11 (ERC), 12 (PNV), 13 (EHBildu), 14 (UPN), 15 (GeronaBai), 16 (CC), 17 (Nca), 18 (BNG), 19 (CHA), 20 (PAR), 21 (FAC), 31 (Otra), 88 (Don't Know, DK), 99 (Not Answer, NA)"
"Q50","En su opinión, ¿con qué frecuencia ocurren las siguientes situaciones en las elecciones en España?","v176","1 (Muy a menudo) - 9 (Not Answer, NA)","1 (Muy a menudo), 2 (Algunas veces), 3 (Raramente), 4 (Nunca), 8 (Don't Know, DK), 9 (Not Answer, NA)"
"Q50","En su opinión, ¿con qué frecuencia ocurren las siguientes situaciones en las elecciones en España?","v177","1 (Muy a menudo) - 9 (Not Answer, NA)","1 (Muy a menudo), 2 (Algunas veces), 3 (Raramente), 4 (Nunca), 8 (Don't Know, DK), 9 (Not Answer, NA)"
"Q50","En su opinión, ¿con qué frecuencia ocurren las siguientes situaciones en las elecciones en España?","v178","1 (Muy a menudo) - 9 (Not Answer, NA)","1 (Muy a menudo), 2 (Algunas veces), 3 (Raramente), 4 (Nunca), 8 (Don't Know, DK), 9 (Not Answer, NA)"
"Q50","En su opinión, ¿con qué frecuencia ocurren las siguientes situaciones en las elecciones en España?","v179","1 (Muy a menudo) - 9 (Not Answer, NA)","1 (Muy a menudo), 2 (Algunas veces), 3 (Raramente), 4 (Nunca), 8 (Don't Know, DK), 9 (Not Answer, NA)"
"Q50","En su opinión, ¿con qué frecuencia ocurren las siguientes situaciones en las elecciones en España?","v180","1 (Muy a menudo) - 9 (Not Answer, NA)","1 (Muy a menudo), 2 (Algunas veces), 3 (Raramente), 4 (Nunca), 8 (Don't Know, DK), 9 (Not Answer, NA)"
"Q50","En su opinión, ¿con qué frecuencia ocurren las siguientes situaciones en las elecciones en España?","v181","1 (Muy a menudo) - 9 (Not Answer, NA)","1 (Muy a menudo), 2 (Algunas veces), 3 (Raramente), 4 (Nunca), 8 (Don't Know, DK), 9 (Not Answer, NA)"
"Q50","En su opinión, ¿con qué frecuencia ocurren las siguientes situaciones en las elecciones en España?","v182","1 (Muy a menudo) - 9 (Not Answer, NA)","1 (Muy a menudo), 2 (Algunas veces), 3 (Raramente), 4 (Nunca), 8 (Don't Know, DK), 9 (Not Answer, NA)"
"Q50","En su opinión, ¿con qué frecuencia ocurren las siguientes situaciones en las elecciones en España?","v183","1 (Muy a menudo) - 9 (Not Answer, NA)","1 (Muy a menudo), 2 (Algunas veces), 3 (Raramente), 4 (Nunca), 8 (Don't Know, DK), 9 (Not Answer, NA)"
"Q51","Ahora nos gustaría saber su opinión sobre las personas procedentes de otros países que vienen a vivir a España - las personas inmigrantes. ¿Cómo diría que es la repercusión que tienen estas personas en el desarrollo de España?","v184","1 (Muy buena) - 9 (Not Answer, NA)","1 (Muy buena), 2 (Bastante buena), 3 (Ni buena ni mala), 4 (Bastante mala), 5 (Muy mala), 8 (Don't Know, DK), 9 (Not Answer, NA)"
"Q52A","Por favor mire las siguientes afirmaciones e indique dónde situaría su punto de vista en esta escala.","v185","1 (Los inmigrantes quitan los trabajos a los españoles) - 10 (Los inmigrantes no quitan los trabajos a los españoles)","1 (Los inmigrantes quitan los trabajos a los españoles), 2, 3, 4, 5, 6, 7, 8, 9, 10 (Los inmigrantes no quitan los trabajos a los españoles), 11 (No sabe), 12 (No contesta)"
"Q52B","Por favor mire las siguientes afirmaciones e indique dónde situaría su punto de vista en esta escala.","v186","1 (Los inmigrantes empeoran los problemas de delincuencia) - 10 (Los inmigrantes no empeoran los problemas de delincuencia)","1 (Los inmigrantes empeoran los problemas de delincuencia), 2, 3, 4, 5, 6, 7, 8, 9, 10 (Los inmigrantes no empeoran los problemas de delincuencia), 11 (No sabe), 12 (No contesta)"
"Q52C","Por favor mire las siguientes afirmaciones e indique dónde situaría su punto de vista en esta escala.","v187","1 (Los inmigrantes suponen una dificultad para el sistema de bienestar de un país) - 10 (Los inmigrantes no suponen una dificultad para el sistema de bienestar de un país)","1 (Los inmigrantes suponen una dificultad para el sistema de bienestar de un país), 2, 3, 4, 5, 6, 7, 8, 9, 10 (Los inmigrantes no suponen una dificultad para el sistema de bienestar de un país), 11 (No sabe), 12 (No contesta)"
"Q52D","Por favor mire las siguientes afirmaciones e indique dónde situaría su punto de vista en esta escala.","v188","1 (Es mejor si los inmigrantes mantienen sus costumbres y tradiciones distintivas) - 10 (Es mejor que los inmigrantes no mantengan sus costumbres y tradiciones distintivas)","1 (Es mejor si los inmigrantes mantienen sus costumbres y tradiciones distintivas), 2, 3, 4, 5, 6, 7, 8, 9, 10 (Es mejor que los inmigrantes no mantengan sus costumbres y tradiciones distintivas), 11 (No sabe), 12 (No contesta)"
"Q53","Algunas personas dicen que los siguientes aspectos son importantes para ser realmente español. Otras dicen que no son importantes. ¿Hasta qué punto considera Ud. importante cada uno de ellos?","v189","1 (muy importante) - 9 (Not Answer, NA)","1 (muy importante), 2 (bastante importante), 3 (no muy importante), 4 (nada importante), 8 (Don't Know, DK), 9 (Not Answer, NA)"
"Q53","Algunas personas dicen que los siguientes aspectos son importantes para ser realmente español. Otras dicen que no son importantes. ¿Hasta qué punto considera Ud. importante cada uno de ellos?","v190","1 (muy importante) - 9 (Not Answer, NA)","1 (muy importante), 2 (bastante importante), 3 (no muy importante), 4 (nada importante), 8 (Don't Know, DK), 9 (Not Answer, NA)"
"Q53","Algunas personas dicen que los siguientes aspectos son importantes para ser realmente español. Otras dicen que no son importantes. ¿Hasta qué punto considera Ud. importante cada uno de ellos?","v191","1 (muy importante) - 9 (Not Answer, NA)","1 (muy importante), 2 (bastante importante), 3 (no muy importante), 4 (nada importante), 8 (Don't Know, DK), 9 (Not Answer, NA)"
"Q53","Algunas personas dicen que los siguientes aspectos son importantes para ser realmente español. Otras dicen que no son importantes. ¿Hasta qué punto considera Ud. importante cada uno de ellos?","v192","1 (muy importante) - 9 (Not Answer, NA)","1 (muy importante), 2 (bastante importante), 3 (no muy importante), 4 (nada importante), 8 (Don't Know, DK), 9 (Not Answer, NA)"
"Q53","Algunas personas dicen que los siguientes aspectos son importantes para ser realmente español. Otras dicen que no son importantes. ¿Hasta qué punto considera Ud. importante cada uno de ellos?","v193","1 (muy importante) - 9 (Not Answer, NA)","1 (muy importante), 2 (bastante importante), 3 (no muy importante), 4 (nada importante), 8 (Don't Know, DK), 9 (Not Answer, NA)"
"Q54","La gente difiere en lo que piensa sobre lo que significa ser europeo/a. En su opinión, ¿cuánta importancia tienen cada una de las siguientes cuestiones en ser europeo/a?","v194","1 (muy importante) - 9 (Not Answer, NA)","1 (muy importante), 2 (bastante importante), 3 (no muy importante), 4 (nada importante), 8 (Don't Know, DK), 9 (Not Answer, NA)"
"Q54","La gente difiere en lo que piensa sobre lo que significa ser europeo/a. En su opinión, ¿cuánta importancia tienen cada una de las siguientes cuestiones en ser europeo/a?","v195","1 (muy importante) - 9 (Not Answer, NA)","1 (muy importante), 2 (bastante importante), 3 (no muy importante), 4 (nada importante), 8 (Don't Know, DK), 9 (Not Answer, NA)"
"Q54","La gente difiere en lo que piensa sobre lo que significa ser europeo/a. En su opinión, ¿cuánta importancia tienen cada una de las siguientes cuestiones en ser europeo/a?","v196","1 (muy importante) - 9 (Not Answer, NA)","1 (muy importante), 2 (bastante importante), 3 (no muy importante), 4 (nada importante), 8 (Don't Know, DK), 9 (Not Answer, NA)"
"Q55","Algunos dicen que la ampliación de la Unión Europea debería ir más allá. Otros dicen que ya ha ido demasiado lejos. Usando esta tarjeta, ¿qué número describiría mejor su posición, donde '1' significa 'debería ir más allá' y '10' significa 'ya ha ido demasiado lejos'?","v197","1 (debería ir más allá) - 10 (ha ido demasiado lejos)","1 (debería ir más allá), 2, 3, 4, 5, 6, 7, 8, 9, 10 (ha ido demasiado lejos), 88 (Don't Know, DK), 99 (Not Answer, NA)"
"Q56","¿Puede decirme si está de acuerdo o en desacuerdo con las siguientes afirmaciones?","v198","1 (muy de acuerdo) - 9 (Not Answer, NA)","1 (muy de acuerdo), 2 (de acuerdo), 3 (ni de acuerdo ni en desacuerdo), 4 (en desacuerdo), 5 (muy en desacuerdo), 8 (Don't Know, DK), 9 (Not Answer, NA)"
"Q56","¿Puede decirme si está de acuerdo o en desacuerdo con las siguientes afirmaciones?","v199","1 (muy de acuerdo) - 9 (Not Answer, NA)","1 (muy de acuerdo), 2 (de acuerdo), 3 (ni de acuerdo ni en desacuerdo), 4 (en desacuerdo), 5 (muy en desacuerdo), 8 (Don't Know, DK), 9 (Not Answer, NA)"
"Q56","¿Puede decirme si está de acuerdo o en desacuerdo con las siguientes afirmaciones?","v200","1 (muy de acuerdo) - 9 (Not Answer, NA)","1 (muy de acuerdo), 2 (de acuerdo), 3 (ni de acuerdo ni en desacuerdo), 4 (en desacuerdo), 5 (muy en desacuerdo), 8 (Don't Know, DK), 9 (Not Answer, NA)"
"Q56","¿Puede decirme si está de acuerdo o en desacuerdo con las siguientes afirmaciones?","v201","1 (muy de acuerdo) - 9 (Not Answer, NA)","1 (muy de acuerdo), 2 (de acuerdo), 3 (ni de acuerdo ni en desacuerdo), 4 (en desacuerdo), 5 (muy en desacuerdo), 8 (Don't Know, DK), 9 (Not Answer, NA)"
"Q56","¿Puede decirme si está de acuerdo o en desacuerdo con las siguientes afirmaciones?","v202","1 (muy de acuerdo) - 9 (Not Answer, NA)","1 (muy de acuerdo), 2 (de acuerdo), 3 (ni de acuerdo ni en desacuerdo), 4 (en desacuerdo), 5 (muy en desacuerdo), 8 (Don't Know, DK), 9 (Not Answer, NA)"
"Q56","¿Puede decirme si está de acuerdo o en desacuerdo con las siguientes afirmaciones?","v203","1 (muy de acuerdo) - 9 (Not Answer, NA)","1 (muy de acuerdo), 2 (de acuerdo), 3 (ni de acuerdo ni en desacuerdo), 4 (en desacuerdo), 5 (muy en desacuerdo), 8 (Don't Know, DK), 9 (Not Answer, NA)"
"Q57","Aquí hay dos frases que la gente suele utilizar cuando se habla sobre medio ambiente y el crecimiento económico. ¿Cuál de las dos se acerca más a su propio punto de vista?","v204","1 (Debería darse prioridad a la protección del medio ambiente, incluso si provoca un crecimiento económico más lento y alguna pérdida de puestos de trabajo) - 9 (Not Answer, NA)","1 (Debería darse prioridad a la protección del medio ambiente, incluso si provoca un crecimiento económico más lento y alguna pérdida de puestos de trabajo), 2 (Debería darse prioridad al crecimiento económico y a la creación de empleo, incluso si el medio ambiente sufre en alguna medida), 3 (Otra respuesta), 8 (Don't Know, DK), 9 (Not Answer, NA)"
"Q58","Cree usted que el gobierno español debería o no tener derecho a hacer lo siguiente:","v205","1 (Definitivamente debería tener derecho) - 9 (Not Answer, NA)","1 (Definitivamente debería tener derecho), 2 (Probablemente debería tener derecho), 3 (Probablemente no debería tener derecho), 4 (Definitivamente no debería tener derecho), 8 (Don't Know, DK), 9 (Not Answer, NA)"
"Q58","Cree usted que el gobierno español debería o no tener derecho a hacer lo siguiente:","v206","1 (Definitivamente debería tener derecho) - 9 (Not Answer, NA)","1 (Definitivamente debería tener derecho), 2 (Probablemente debería tener derecho), 3 (Probablemente no debería tener derecho), 4 (Definitivamente no debería tener derecho), 8 (Don't Know, DK), 9 (Not Answer, NA)"
"Q59","¿Con qué frecuencia usted lee los temas políticos...","v207","1 (Todos los días) - 9 (Not Answer, NA)","1 (Todos los días), 2 (Varias veces a la semana), 3 (Una o dos veces a la semana), 4 (Con menos frecuencia), 8 (Don't Know, DK), 9 (Not Answer, NA)"
"Q59","¿Con qué frecuencia usted lee los temas políticos...","v208","1 (Todos los días) - 9 (Not Answer, NA)","1 (Todos los días), 2 (Varias veces a la semana), 3 (Una o dos veces a la semana), 4 (Con menos frecuencia), 8 (Don't Know, DK), 9 (Not Answer, NA)"
"Q59","¿Con qué frecuencia usted lee los temas políticos...","v209","1 (Todos los días) - 9 (Not Answer, NA)","1 (Todos los días), 2 (Varias veces a la semana), 3 (Una o dos veces a la semana), 4 (Con menos frecuencia), 8 (Don't Know, DK), 9 (Not Answer, NA)"
"Q59","¿Con qué frecuencia usted lee los temas políticos...","v210","1 (Todos los días) - 9 (Not Answer, NA)","1 (Todos los días), 2 (Varias veces a la semana), 3 (Una o dos veces a la semana), 4 (Con menos frecuencia), 8 (Don't Know, DK), 9 (Not Answer, NA)"
"Q59","¿Con qué frecuencia usted lee los temas políticos...","v211","1 (Todos los días) - 9 (Not Answer, NA)","1 (Todos los días), 2 (Varias veces a la semana), 3 (Una o dos veces a la semana), 4 (Con menos frecuencia), 8 (Don't Know, DK), 9 (Not Answer, NA)"
"Q60","¿Hasta qué punto siente Vd. que le preocupan las condiciones de vida de...?","v212","1 (Totalmente) - 9 (Not Answer, NA)","1 (Totalmente), 2 (Mucho), 3 (Hasta cierto punto), 4 (No demasiado), 5 (Nada en absoluto), 8 (Don't Know, DK), 9 (Not Answer, NA)"
"Q60","¿Hasta qué punto siente Vd. que le preocupan las condiciones de vida de...?","v213","1 (Totalmente) - 9 (Not Answer, NA)","1 (Totalmente), 2 (Mucho), 3 (Hasta cierto punto), 4 (No demasiado), 5 (Nada en absoluto), 8 (Don't Know, DK), 9 (Not Answer, NA)"
"Q60","¿Hasta qué punto siente Vd. que le preocupan las condiciones de vida de...?","v214","1 (Totalmente) - 9 (Not Answer, NA)","1 (Totalmente), 2 (Mucho), 3 (Hasta cierto punto), 4 (No demasiado), 5 (Nada en absoluto), 8 (Don't Know, DK), 9 (Not Answer, NA)"
"Q60","¿Hasta qué punto siente Vd. que le preocupan las condiciones de vida de...?","v215","1 (Totalmente) - 9 (Not Answer, NA)","1 (Totalmente), 2 (Mucho), 3 (Hasta cierto punto), 4 (No demasiado), 5 (Nada en absoluto), 8 (Don't Know, DK), 9 (Not Answer, NA)"
"Q60","¿Hasta qué punto siente Vd. que le preocupan las condiciones de vida de...?","v216","1 (Totalmente) - 9 (Not Answer, NA)","1 (Totalmente), 2 (Mucho), 3 (Hasta cierto punto), 4 (No demasiado), 5 (Nada en absoluto), 8 (Don't Know, DK), 9 (Not Answer, NA)"
"Q61","¿Hasta qué punto le preocupan las condiciones de vida de los siguientes grupos que viven en su país?","v217","1 (Totalmente) - 9 (Not Answer, NA)","1 (Totalmente), 2 (Mucho), 3 (Hasta cierto punto), 4 (No demasiado), 5 (Nada en absoluto), 8 (Don't Know, DK), 9 (Not Answer, NA)"
"Q61","¿Hasta qué punto le preocupan las condiciones de vida de los siguientes grupos que viven en su país?","v218","1 (Totalmente) - 9 (Not Answer, NA)","1 (Totalmente), 2 (Mucho), 3 (Hasta cierto punto), 4 (No demasiado), 5 (Nada en absoluto), 8 (Don't Know, DK), 9 (Not Answer, NA)"
"Q61","¿Hasta qué punto le preocupan las condiciones de vida de los siguientes grupos que viven en su país?","v219","1 (Totalmente) - 9 (Not Answer, NA)","1 (Totalmente), 2 (Mucho), 3 (Hasta cierto punto), 4 (No demasiado), 5 (Nada en absoluto), 8 (Don't Know, DK), 9 (Not Answer, NA)"
"Q61","¿Hasta qué punto le preocupan las condiciones de vida de los siguientes grupos que viven en su país?","v220","1 (Totalmente) - 9 (Not Answer, NA)","1 (Totalmente), 2 (Mucho), 3 (Hasta cierto punto), 4 (No demasiado), 5 (Nada en absoluto), 8 (Don't Know, DK), 9 (Not Answer, NA)"
"Q62","¿Qué debería proporcionar una sociedad? Dígame, para cada afirmación que le voy a leer, si para usted es importante o no.","v221","1 (muy importante) - 9 (Not Answer, NA)","1 (muy importante), 2 (bastante importante), 3 (no muy importante), 4 (nada importante), 8 (Don't Know, DK), 9 (Not Answer, NA)"
"Q62","¿Qué debería proporcionar una sociedad? Dígame, para cada afirmación que le voy a leer, si para usted es importante o no.","v222","1 (muy importante) - 9 (Not Answer, NA)","1 (muy importante), 2 (bastante importante), 3 (no muy importante), 4 (nada importante), 8 (Don't Know, DK), 9 (Not Answer, NA)"
"Q62","¿Qué debería proporcionar una sociedad? Dígame, para cada afirmación que le voy a leer, si para usted es importante o no.","v223","1 (muy importante) - 9 (Not Answer, NA)","1 (muy importante), 2 (bastante importante), 3 (no muy importante), 4 (nada importante), 8 (Don't Know, DK), 9 (Not Answer, NA)"
"Q62","¿Qué debería proporcionar una sociedad? Dígame, para cada afirmación que le voy a leer, si para usted es importante o no.","v224","1 (muy importante) - 9 (Not Answer, NA)","1 (muy importante), 2 (bastante importante), 3 (no muy importante), 4 (nada importante), 8 (Don't Know, DK), 9 (Not Answer, NA)"
"Q63","Sexo del respondente","v225","1 (hombre) - 9 (Not Answer, NA)","1 (hombre), 2 (mujer), 8 (Don't Know, DK), 9 (Not Answer, NA)"
"Q64","Podría decirme en qué año nació Vd., por favor:","v226","8888 (No sabe) - 9999 (Not Answer, NA)","8888 (No sabe), 9999 (Not Answer, NA)"
"Q65","¿Ha nacido Ud. en España?","v227","1 (si) - 9 (Not Answer, NA)","1 (si), 2 (no), 8 (Don't Know, DK), 9 (Not Answer, NA)"
"Q66","¿En qué país ha nacido Ud.?","v228a","Escribir...",""
"Q66","INSTRUCCIÓN DE CODIFICACIÓN CODIFICAR EN ISO 3166-1 PREESPECIFICADO (2 CARACTERES)","v228b","Codificar...",""
"Q67","¿Puede decirme en qué año vino Ud. a vivir en España por primera vez?","v229","8888 (No sabe) - 9999 (Not Answer, NA)","8888 (No sabe), 9999 (Not Answer, NA)"
"Q68","PREGUNTAR A TODOS/AS","v230","1 (si) - 9 (Not Answer, NA)","1 (si), 2 (no), 8 (Don't Know, DK), 9 (Not Answer, NA)"
"Q69","¿En qué país nació su padre?","v231a","Escribir...",""
"Q69","INSTRUCCIÓN DE CODIFICACIÓN CODIFICAR EN ISO 3166-1 PREESPECIFICADO (2 CARACTERES)","v231b","Codificar...",""
"Q70","PREGUNTAR A TODOS/AS","v232","1 (si) - 9 (Not Answer, NA)","1 (si), 2 (no), 8 (Don't Know, DK), 9 (Not Answer, NA)"
"Q71","¿En qué país nació su madre?","v233a","Escribir...",""
"Q71","INSTRUCCIÓN DE CODIFICACIÓN CODIFICAR EN ISO 3166-1 PREESPECIFICADO (2 CARACTERES)","v233b","Codificar...",""
"Q72","¿Cuál es su actual estado civil?","v234","1 (casado/a) - 9 (Not Answer, NA)","1 (casado/a), 2 (Pareja de hecho), 3 (viudo/a), 4 (divorciado/a), 5 (separado/a), 6 (nunca ha estado casado/a o registrado como pareja), 8 (No sabe), 9 (Not Answer, NA)"
"Q73","¿Vivía Ud. con su pareja antes de casarse o de registrarse como pareja de hecho?","v235","1 (si) - 9 (Not Answer, NA)","1 (si), 2 (no), 8 (Don't Know, DK), 9 (Not Answer, NA)"
"Q74","INSTRUCCIONES PARA EL ENTREVISTADOR: - SI ESTÁ CASADO/A O REGISTRADO/A COMO PAREJA DE HECHO (P72=1 O 2) IR A P76","v236","1 (si) - 9 (Not Answer, NA)","1 (si), 2 (no), 8 (Don't Know, DK), 9 (Not Answer, NA)"
"Q75","¿Mantiene Ud. una relación estable?","v237","1 (si) - 9 (Not Answer, NA)","1 (si), 2 (no), 8 (Don't Know, DK), 9 (Not Answer, NA)"
"Q76","PREGUNTAR A TODOS/AS","v238","1 (No) - 9 (Not Answer, NA)","1 (No), 2 (Sí, con uno de mis padres/ con mis padres), 3 (Sí, con uno de mis suegros/ con mis suegros), 4 (Sí, con ambos, con mis padres y con mis suegros), 8 (Don't Know, DK), 9 (Not Answer, NA)"
"Q77","¿Cuántos hijos/as tiene? Indique cuántos viven en su casa y cuántos en otro domicilio.","v239a","Número de hijos en el domicilio...",""
"Q77","¿Cuántos hijos/as tiene? Indique cuántos viven en su casa y cuántos en otro domicilio.","v239b","Número de hijos fuera del hogar...",""
"Q78","Incluyéndole a Ud., ¿cuántas personas - hijos incluidos - viven de forma regular en este domicilio?","v240","Escriba número...",""
"Q79","¿Qué edad tiene la persona más joven que vive en su domicilio familiar?","v241","Anotar...",""
"Q80","¿A qué edad acabó Vd. (o piensa Ud. acabar) sus estudios regulares, bien en la escuela/colegio/instituto o bien en un centro de enseñanza superior? Excluya, por favor, los de aprendizaje en empresa.","v242","Escriba la edad...",""
"Q81","¿Cuál es el nivel de estudios más alto que ha completado?","v243","1 (Sin estudios) - 99 (Otros),1 (Sin estudios), 2 (Estudios primarios sin completar (menos de 5 años)), 3 (Antigua Educación Primaria (Certificado de Estudios Primarios)), 4 (Hasta 5º de EGB), 5 (Educación Primaria (LOGSE)), 6 (Grado Elemental en Música y Danza), 7 (Bachillerato elemental), 8 (EGB), 9 (ESO), 10 (Bachillerato Superior o BUP), 11 (PREU o COU), 12 (Bachillerato (LOGSE)), 13 (F.P. de iniciación), 14 (Programas de garantía social, Programas de Cualificación Profesional Inicial (PCPI)), 15 (F.P. Oficialia), 16 (F.P. de 1er grado (FP I)), 17 (C.F. de Grado Medio (Técnico Medio)), 18 (C.F. de Grado Medio en Artes Plásticas y Diseño), 19 (Grado Medio en Música y Danza), 20 (F.P. Maestría), 21 (F.P. de 2º Grado (FP II)), 22 (C.F. de Grado Superior (Técnico Superior)), 23 (C.F. de Grado Superior en Escuelas de Arte), 24 (Peritaje, Enfermería, Magisterio o Asistente Social), 25 (Diploma, Ingeniero o Arquitecto Técnico, 3 años de licenciatura, Grado (Bolonia), Título Superior en Diseño), 26 (Licenciado, Ingeniero Superior, Arquitecto, Máster (Bolonia), título Superior en Música, Danza o Arte Dramático), 27 (Doctorado), 28 (Otros (especificar)), 88 (No sabe), 99 (Not Answer, NA)"
"Q82","¿Tiene Ud. un trabajo remunerado en este momento o no? Por favor, seleccione de esta tarjeta el tipo de trabajo que tiene Ud.","v244","1 (30 horas a la semana o más) - 99 (otra)","1 (30 horas a la semana o más), 2 (Menos de 30 horas a la semana), 3 (trabajador/a autónomo/a), 4 (Servicio militar), 5 (Retirado/a pensionista), 6 (Labores del hogar, no empleado/a de otra forma), 7 (Estudiante), 8 (Desempleado/a), 9 (Discapacitado/a), 10 (Otra), 88 (Don't Know, DK), 99 (Not Answer, NA)"
"Q83","¿En su ÚLTIMO trabajo estaba Ud. empleado/a (a tiempo parcial o completo) o era trabajador/a autónomo/a?","v245","1 (empleado/a) - 9 (Not Answer, NA)","1 (empleado/a), 2 (trabajador/a autónomo/a), 8 (No sabe), 9 (Not Answer, NA)"
"Q84","INSTRUCCIONES PARA EL ENTREVISTADOR: - SI EL ENTREVISTADO TIENE TRABAJO REMUNERADO AHORA, P82=01-03, PREGUNTAR: ¿Cuál es la denominación o título de su trabajo principal?","v246","Escribir...",""
"Q84a","En su trabajo principal, ¿qué tipo de trabajo hace/hacía la mayoría del tiempo?","v246b","Escribir...",""
"Q84","DE ACUERDO CON ISCO08 (4 DÍGITOS) DESPUÉS DE LA ENTREVISTA SOBRE LAS BASES DE P84 Y P84a","v246c","Codificar...",""
"Q85","INSTRUCCIONES PARA EL ENTREVISTADOR: - PREGUNTAR A LOS TRABAJADORES/AS ACTUALMENTE (P82=1-3) O A LOS TRABAJADORES/AS AUTÓNOMOS/AS EN SU ANTERIOR TRABAJO (P83=2). ¿Cuántos empleados tiene/tenía Ud.?","v247","1 (ninguno) - 9 (Not Answer, NA)","1 (ninguno), 2 (1-9), 3 (10-24), 4 (25 o más), 8 (No sabe), 9 (Not Answer, NA)"
"Q86","INSTRUCCIONES PARA EL ENTREVISTADOR: - PREGUNTAR A LOS/LAS EMPLEADOS/AS ACTUALMENTE (P82=1 O 2) O A LOS TRABAJADORES/AS AUTÓNOMOS/AS EN SU ANTERIOR TRABAJO (P83=1). ¿Tiene o tenía Ud. alguna responsabilidad de supervisión del trabajo de otros empleados?","v248","1 (si) - 9 (Not Answer, NA)","1 (si), 2 (no), 8 (Don't Know, DK), 9 (Not Answer, NA)"
"Q86a","¿A cuántas personas supervisa o supervisaba Ud.?","v248a","1 (1-9) - 9 (Not Answer, NA)","1 (1-9), 2 (10-24), 3 (25 o más), 8 (Don't Know, DK)"
"Q87","¿Dónde trabaja usted? (LEER)","v249","1 (En la administración o en una institución pública) - 9 (Not Answer, NA)","1 (En la administración o en una institución pública), 2 (En una empresa privada o en el sector privado), 3 (En una organización privada sin ánimo de lucro), 8 (Don't Know, DK), 9 (Not Answer, NA)"
"Q88","¿Nació su esposo/a o pareja en España?","v250","1 (si) - 9 (Not Answer, NA)","1 (si), 2 (no), 8 (Don't Know, DK), 9 (Not Answer, NA)"
"Q88a","¿En qué país nació su esposo/a o pareja?","v251a","Escribir...",""
"Q88a","CODIFICAR EN ISO 3166-1 PREESPECIFICADO (2 CARACTERES)","v251b","Codificar...",""
"Q89","¿Cuál es el nivel de estudios más alto que ha completado su cónyuge o pareja?","v252","1 (Sin estudios) - 99 (Otros)","1 (Sin estudios), 2 (Estudios primarios sin completar (menos de 5 años)), 3 (Antigua Educación Primaria (Certificado de Estudios Primarios)), 4 (Hasta 5º de EGB), 5 (Educación Primaria (LOGSE)), 6 (Grado Elemental en Música y Danza), 7 (Bachillerato elemental), 8 (EGB), 9 (ESO), 10 (Bachillerato Superior o BUP), 11 (PREU o COU), 12 (Bachillerato (LOGSE)), 13 (F.P. de iniciación), 14 (Programas de garantía social, Programas de Cualificación Profesional Inicial (PCPI)), 15 (F.P. Oficialia), 16 (F.P. de 1er grado (FP I)), 17 (C.F. de Grado Medio (Técnico Medio)), 18 (C.F. de Grado Medio en Artes Plásticas y Diseño), 19 (Grado Medio en Música y Danza), 20 (F.P. Maestría), 21 (F.P. de 2º Grado (FP II)), 22 (C.F. de Grado Superior (Técnico Superior)), 23 (C.F. de Grado Superior en Escuelas de Arte), 24 (Peritaje, Enfermería, Magisterio o Asistente Social), 25 (Diploma, Ingeniero o Arquitecto Técnico, 3 años de licenciatura, Grado (Bolonia), Título Superior en Diseño), 26 (Licenciado, Ingeniero Superior, Arquitecto, Máster (Bolonia), título Superior en Música, Danza o Arte Dramático), 27 (Doctorado), 28 (Otros (especificar))"
"Q90","¿Tiene su esposo/a o pareja un trabajo remunerado en este momento o no? Por favor, seleccione de esta tarjeta el tipo de trabajo que tiene su esposo/a o pareja","v253","1 (30 horas a la semana o más) - 99 (otra)","1 (30 horas a la semana o más), 2 (Menos de 30 horas a la semana), 3 (trabajador/a autónomo/a), 4 (Servicio militar), 5 (Retirado/a pensionista), 6 (Labores del hogar, no empleado/a de otra forma), 7 (Estudiante), 8 (Desempleado/a), 9 (Discapacitado/a), 10 (Otra), 88 (Don't Know, DK), 99 (Not Answer, NA)"
"Q91","¿En su ÚLTIMO trabajo estaba su esposo/a o pareja empleado/a (a tiempo parcial o completo) o era trabajador/a autónomo/a?","v254","1 (empleado/a) - 9 (Not Answer, NA)","1 (empleado/a), 2 (trabajador/a autónomo/a), 8 (No sabe), 9 (Not Answer, NA)"
"Q92","INSTRUCCIONES PARA EL ENTREVISTADOR: - SI LA PAREJA TIENE UN TRABAJO REMUNERADO AHORA, P90=1-3 PREGUNTAR: ¿Cuál es la denominación o título de su trabajo principal?","v255a","Escribir...",""
"Q92a","En su trabajo principal, ¿qué tipo de trabajo hace o hacía la mayoría del tiempo?","v255b","Escribir...",""
"Q92","INSTRUCCIÓN DE CODIFICACIÓN: CODIFICAR DE ACUERDO CON ISCO08 (4 DÍGITOS) DESPUÉS DE LA ENTREVISTA SOBRE LAS BASES DE P92 Y P92a","v255c","Codificar...",""
"Q93","INSTRUCCIONES PARA EL ENTREVISTADOR: - PREGUNTAR A LOS/LAS EMPLEADOS/AS ACTUALMENTE (P90=1 O 2) O A LOS TRABAJADORES/AS AUTÓNOMOS/AS EN SU ANTERIOR TRABAJO (P91=1). ¿Cuántos empleados tiene/tenía?","v256","1 (ninguno) - 9 (Not Answer, NA)","1 (ninguno), 2 (1-9), 3 (10-24), 4 (25 o más), 8 (No sabe), 9 (Not Answer, NA)"
"Q94","INSTRUCCIONES PARA EL ENTREVISTADOR: - PREGUNTAR A LOS/LAS EMPLEADOS/AS ACTUALMENTE (P90=1 O 2) O A LOS TRABAJADORES/AS AUTÓNOMOS/AS EN SU ANTERIOR TRABAJO (P91=1). ¿Tiene o tenía Ud. alguna responsabilidad de supervisión del trabajo de otros empleados?","v257","1 (si) - 9 (Not Answer, NA)","1 (si), 2 (no), 8 (Don't Know, DK), 9 (Not Answer, NA)"
"Q95","¿A cuántos otros trabajadores supervisa o supervisaba Ud.?","v258","1 (1-9) - 9 (Not Answer, NA)","1 (1-9), 2 (10-24), 3 (25 o más), 8 (Don't Know, DK)"
"Q96","Durante los últimos cinco años, ¿Ha experimentado un período continuo de desempleo de más de 3 meses?","v259","1 (si) - 9 (Not Answer, NA)","1 (si), 2 (no), 8 (Don't Know, DK), 9 (Not Answer, NA)"
"Q97","Durante los últimos cinco años, ¿ha sido Ud. dependiente de la seguridad social en algún momento?","v260","1 (si) - 9 (Not Answer, NA)","1 (si), 2 (no), 8 (Don't Know, DK), 9 (Not Answer, NA)"
"Q98","Aquí hay una lista de ingresos y nos gustaría saber en qué grupo está su hogar, contando todas las pagas, salarios, pensiones y otros ingresos que entran. Sólo de la letra del grupo en que su hogar se encuentra, tras descontar impuestos y otras deducciones.","v261","1 (Aproximadamente SEMANAL) - 99 (Not Answer, NA)","1 (A 186 € o menos), 2 (De 187 € a 238 €), 3 (De 239 € a 300 €), 4 (De 301 € a 350 €), 5 (De 351 € a 425 €), 6 (De 426 € a 525 €), 7 (De 526 € a 575 €), 8 (De 576 € a 688 €), 9 (De 689 € a 888 €), 10 (Más de 888 €), 88 (No sabe), 99 (Not Answer, NA)"

